Member State,Product desc,country_3,Timestamp,Price,cluster_cows,cluster_costs,cluster_all
Austria,Emmental,AUT,2005,474.5,2,2,2
Czechia,Butter,CZE,2005,289.0663916666667,1,2,0
France,Whey Powder,FRA,2005,54.71875,0,2,1
Belgium,Gouda,BEL,2005,360.63939090909093,0,2,1
Austria,Raw Milk,AUT,2005,29.401818181818182,2,2,2
Netherlands,Butter,NLD,2005,279.23333333333335,0,1,1
Sweden,Raw Milk,SWE,2005,29.468333333333334,2,1,2
Sweden,Gouda,SWE,2005,312.8125,2,1,2
Slovenia,Edam,SVN,2005,338.0516666666667,2,2,2
Hungary,Butter,HUN,2005,328.4377416666667,1,0,0
Czechia,Edam,CZE,2005,310.27206666666666,1,2,0
Estonia,Edam,EST,2005,302.12600000000003,1,1,0
Denmark,WMP,DNK,2005,240.45065,0,1,1
France,SMP,FRA,2005,202.9416666666667,0,2,1
Germany,Whey Powder,DEU,2005,54.25833333333333,0,2,1
Estonia,Butter,EST,2005,254.89955555555557,1,1,0
Slovenia,Butter,SVN,2005,314.82057142857144,2,2,2
Czechia,SMP,CZE,2005,193.6821,1,2,0
Germany,WMP,DEU,2005,242.60833333333335,0,2,1
Italy,Butter,ITA,2005,260.0,0,1,1
France,WMP,FRA,2005,238.16666666666666,0,2,1
Spain,Butter,ESP,2005,248.04706666666667,0,1,2
Italy,Raw Milk,ITA,2005,33.7625,0,1,1
Latvia,Butter,LVA,2005,258.732775,1,1,0
Poland,Whey Powder,POL,2005,47.043416666666666,2,2,2
Latvia,Raw Milk,LVA,2005,21.201666666666664,1,1,0
Poland,SMP,POL,2005,189.973375,2,2,2
Sweden,Cheddar,SWE,2005,616.2254285714286,2,1,2
Germany,Raw Milk,DEU,2005,28.6375,0,2,1
Lithuania,Gouda,LTU,2005,300.349,1,2,0
Poland,Edam,POL,2005,274.4984583333333,2,2,2
Poland,Raw Milk,POL,2005,24.903333333333332,2,2,2
Lithuania,Butter,LTU,2005,263.15657142857145,1,2,0
Germany,Emmental,DEU,2005,408.5333333333333,0,2,1
Germany,Gouda,DEU,2005,282.68333333333334,0,2,1
Slovenia,SMP,SVN,2005,318.18142857142857,2,2,2
Spain,Edam,ESP,2005,608.11555,0,1,2
Slovenia,WMP,SVN,2005,366.816,2,2,2
Latvia,SMP,LVA,2005,198.06968333333336,1,1,0
Austria,WMP,AUT,2005,274.8,2,2,2
Latvia,WMP,LVA,2005,233.9995,1,1,0
Czechia,Whey Powder,CZE,2005,55.80134,1,2,0
Poland,Emmental,POL,2005,285.68666666666667,2,2,2
Lithuania,Raw Milk,LTU,2005,19.819166666666664,1,2,0
Belgium,Raw Milk,BEL,2005,27.625,0,2,1
Denmark,Butter,DNK,2005,352.9694416666667,0,1,1
Germany,Edam,DEU,2005,281.6666666666667,0,2,1
Denmark,SMP,DNK,2005,206.2605583333333,0,1,1
Netherlands,Whey Powder,NLD,2005,55.69166666666666,0,1,1
Austria,Gouda,AUT,2005,347.9642857142857,2,2,2
Germany,Butter,DEU,2005,279.4166666666667,0,2,1
Czechia,WMP,CZE,2005,235.52035833333332,1,2,0
Sweden,SMP,SWE,2005,209.08166666666668,2,1,2
Austria,SMP,AUT,2005,212.0,2,2,2
Austria,Butter,AUT,2005,288.9714285714286,2,2,2
Germany,SMP,DEU,2005,203.35,0,2,1
Sweden,Edam,SWE,2005,396.98371428571426,2,1,2
Luxembourg,Raw Milk,LUX,2005,30.848333333333333,0,2,1
Lithuania,WMP,LTU,2005,230.1387142857143,1,2,0
Poland,WMP,POL,2005,230.89566666666667,2,2,2
Spain,SMP,ESP,2005,219.5111111111111,0,1,2
Latvia,Edam,LVA,2005,305.9560666666667,1,1,0
Lithuania,SMP,LTU,2005,201.34428571428572,1,2,0
Denmark,Raw Milk,DNK,2005,29.088333333333335,0,1,1
Poland,Butter,POL,2005,258.35883333333334,2,2,2
Portugal,Butter,PRT,2005,262.08750000000003,2,1,2
Netherlands,Gouda,NLD,2005,280.3818181818182,0,1,1
Sweden,Whey Powder,SWE,2005,66.29985714285714,2,1,2
Czechia,Raw Milk,CZE,2005,27.0725,1,2,0
Hungary,SMP,HUN,2005,208.0333888888889,1,0,0
Belgium,Butter Oil,BEL,2005,327.17778333333337,0,2,1
Hungary,WMP,HUN,2005,233.58253333333334,1,0,0
Ireland,WMP,IRL,2005,227.3985,0,2,1
Slovenia,Raw Milk,SVN,2005,26.184545454545454,2,2,2
Finland,Edam,FIN,2005,399.19262,2,0,2
Estonia,Raw Milk,EST,2005,25.431818181818183,1,1,0
Poland,Gouda,POL,2005,279.35195833333336,2,2,2
Finland,SMP,FIN,2005,196.94,2,0,2
Ireland,Butter,IRL,2005,264.44783333333334,0,2,1
Ireland,Butter Oil,IRL,2005,329.3876666666667,0,2,1
France,Butter,FRA,2005,274.2201416666667,0,2,1
Belgium,SMP,BEL,2005,201.16030909090907,0,2,1
Spain,Emmental,ESP,2005,758.7457,0,1,2
Ireland,SMP,IRL,2005,191.9805,0,2,1
Finland,Butter,FIN,2005,281.20578,2,0,2
Finland,WMP,FIN,2005,242.4,2,0,2
Portugal,Raw Milk,PRT,2005,28.573333333333334,2,1,2
Slovenia,Emmental,SVN,2005,474.2246666666667,2,2,2
Estonia,WMP,EST,2005,233.12142857142857,1,1,0
Netherlands,SMP,NLD,2005,196.79583333333335,0,1,1
Belgium,WMP,BEL,2005,244.12681818181818,0,2,1
Czechia,Emmental,CZE,2005,435.9274833333333,1,2,0
Estonia,SMP,EST,2005,187.86971428571428,1,1,0
Austria,Edam,AUT,2005,332.4458333333333,2,2,2
Finland,Emmental,FIN,2005,366.41983,2,0,2
Ireland,Cheddar,IRL,2005,282.0316666666667,0,2,1
Finland,Whey Powder,FIN,2005,49.0,2,0,2
Netherlands,Edam,NLD,2005,272.4,0,1,1
Ireland,Raw Milk,IRL,2005,28.420833333333334,0,2,1
Netherlands,Raw Milk,NLD,2005,28.686666666666667,0,1,1
Belgium,Cheddar,BEL,2005,292.87788181818183,0,2,1
France,Raw Milk,FRA,2005,30.635833333333334,0,2,1
Spain,Raw Milk,ESP,2005,30.3425,0,1,2
Estonia,Gouda,EST,2005,296.6968571428571,1,1,0
Netherlands,WMP,NLD,2005,241.1291666666667,0,1,1
France,Emmental,FRA,2005,440.31136363636364,0,2,1
Belgium,Butter,BEL,2005,280.14954545454543,0,2,1
Finland,Raw Milk,FIN,2005,34.61333333333334,2,0,2
Hungary,Raw Milk,HUN,2005,25.506363636363634,1,0,0
Slovenia,Gouda,SVN,2005,372.11366666666663,2,2,2
Finland,Raw Milk,FIN,2006,35.93,2,0,2
Ireland,SMP,IRL,2006,194.7875,0,2,1
Latvia,SMP,LVA,2006,208.34483333333333,1,1,0
Finland,Butter,FIN,2006,251.03645833333334,2,0,2
Latvia,Butter,LVA,2006,256.57733333333334,1,1,0
Poland,Gouda,POL,2006,275.5955833333333,2,2,2
Germany,Butter Oil,DEU,2006,327.5,0,2,1
Ireland,Raw Milk,IRL,2006,27.22083333333333,0,2,1
Portugal,Raw Milk,PRT,2006,27.383333333333336,2,1,2
Latvia,WMP,LVA,2006,222.63505833333332,1,1,0
Netherlands,Gouda,NLD,2006,271.5,0,1,1
Poland,WMP,POL,2006,228.055,2,2,2
Luxembourg,Raw Milk,LUX,2006,30.451666666666668,0,2,1
Germany,SMP,DEU,2006,213.69583333333333,0,2,1
Slovenia,Emmental,SVN,2006,498.65270833333335,2,2,2
Belgium,SMP,BEL,2006,213.73333333333335,0,2,1
Poland,Raw Milk,POL,2006,25.420833333333334,2,2,2
Ireland,Cheddar,IRL,2006,270.469625,0,2,1
Lithuania,Gouda,LTU,2006,284.01016666666663,1,2,0
Czechia,Raw Milk,CZE,2006,26.860833333333332,1,2,0
Slovenia,Gouda,SVN,2006,391.9490416666667,2,2,2
Germany,Raw Milk,DEU,2006,26.955833333333334,0,2,1
Poland,SMP,POL,2006,198.17329166666664,2,2,2
Latvia,Raw Milk,LVA,2006,23.496666666666666,1,1,0
Finland,Emmental,FIN,2006,350.54245833333334,2,0,2
Austria,Edam,AUT,2006,325.8958333333333,2,2,2
Denmark,Butter,DNK,2006,308.64145833333333,0,1,1
Netherlands,Raw Milk,NLD,2006,27.810833333333335,0,1,1
Lithuania,Raw Milk,LTU,2006,20.363333333333333,1,2,0
Finland,Edam,FIN,2006,403.74783333333335,2,0,2
Poland,Butter,POL,2006,245.31770833333334,2,2,2
Germany,Emmental,DEU,2006,411.034725,0,2,1
Germany,Edam,DEU,2006,278.0513916666667,0,2,1
Poland,Edam,POL,2006,279.31920833333334,2,2,2
Germany,Gouda,DEU,2006,282.6944416666667,0,2,1
Denmark,Raw Milk,DNK,2006,28.979166666666668,0,1,1
Ireland,Butter Oil,IRL,2006,299.1186666666667,0,2,1
Spain,Edam,ESP,2006,607.8233333333333,0,1,2
Latvia,Edam,LVA,2006,315.9445,1,1,0
Spain,Raw Milk,ESP,2006,29.62,0,1,2
Belgium,Butter Oil,BEL,2006,315.12916666666666,0,2,1
Portugal,Butter,PRT,2006,237.69408333333334,2,1,2
Belgium,WMP,BEL,2006,241.67458333333335,0,2,1
Denmark,WMP,DNK,2006,230.77104166666666,0,1,1
Netherlands,Butter,NLD,2006,253.0,0,1,1
France,WMP,FRA,2006,236.66875000000002,0,2,1
Germany,Butter,DEU,2006,258.94755833333335,0,2,1
Italy,Butter,ITA,2006,186.25,0,1,1
Austria,Raw Milk,AUT,2006,29.953333333333333,2,2,2
Czechia,SMP,CZE,2006,200.71608333333333,1,2,0
Ireland,WMP,IRL,2006,218.78558333333334,0,2,1
Hungary,SMP,HUN,2006,375.96,1,0,0
Netherlands,Edam,NLD,2006,264.4166666666667,0,1,1
Germany,Whey Powder,DEU,2006,72.06875000000001,0,2,1
Spain,Butter,ESP,2006,227.11093333333335,0,1,2
France,SMP,FRA,2006,212.9416666666667,0,2,1
France,Emmental,FRA,2006,438.1366666666667,0,2,1
Sweden,SMP,SWE,2006,213.87391666666667,2,1,2
Estonia,Edam,EST,2006,305.520125,1,1,0
Belgium,Butter,BEL,2006,257.015,0,2,1
Belgium,Cheddar,BEL,2006,285.95125,0,2,1
Czechia,Edam,CZE,2006,321.77845833333333,1,2,0
Netherlands,WMP,NLD,2006,237.0583333333333,0,1,1
France,Raw Milk,FRA,2006,29.349166666666665,0,2,1
Slovenia,Edam,SVN,2006,338.0935416666667,2,2,2
Hungary,Butter,HUN,2006,324.59203333333335,1,0,0
Slovenia,Raw Milk,SVN,2006,26.425,2,2,2
Hungary,Raw Milk,HUN,2006,23.606666666666666,1,0,0
Estonia,Raw Milk,EST,2006,24.328333333333333,1,1,0
Czechia,Butter,CZE,2006,252.358375,1,2,0
Czechia,WMP,CZE,2006,229.5617083333333,1,2,0
Netherlands,Whey Powder,NLD,2006,73.54166666666667,0,1,1
Belgium,Raw Milk,BEL,2006,27.015833333333333,0,2,1
Poland,Whey Powder,POL,2006,65.03,2,2,2
France,Butter,FRA,2006,249.35416666666666,0,2,1
Ireland,Butter,IRL,2006,240.53408333333334,0,2,1
Netherlands,SMP,NLD,2006,212.45000000000002,0,1,1
Germany,WMP,DEU,2006,240.72708333333333,0,2,1
Italy,Raw Milk,ITA,2006,32.07,0,1,1
Denmark,SMP,DNK,2006,210.84595833333333,0,1,1
Belgium,Gouda,BEL,2006,325.2083333333333,0,2,1
Sweden,Raw Milk,SWE,2006,28.653333333333332,2,1,2
France,Whey Powder,FRA,2006,71.87569166666667,0,2,1
Czechia,Emmental,CZE,2006,411.360125,1,2,0
Spain,Emmental,ESP,2006,760.6629666666666,0,1,2
Poland,Edam,POL,2007,339.328375,2,2,2
Belgium,Butter,BEL,2007,338.48625,0,2,1
Spain,Edam,ESP,2007,617.24,0,1,2
Germany,Gouda,DEU,2007,325.79583333333335,0,2,1
Spain,Emmental,ESP,2007,757.33,0,1,2
Latvia,Edam,LVA,2007,333.3004583333333,1,1,0
Spain,Raw Milk,ESP,2007,35.347500000000004,0,1,2
Netherlands,Whey Powder,NLD,2007,100.392225,0,1,1
Netherlands,Gouda,NLD,2007,307.25,0,1,1
Belgium,Cheddar,BEL,2007,359.67833333333334,0,2,1
Luxembourg,Raw Milk,LUX,2007,36.07666666666667,0,2,1
Latvia,Butter,LVA,2007,327.80525,1,1,0
Latvia,SMP,LVA,2007,289.73266666666666,1,1,0
Belgium,Raw Milk,BEL,2007,34.62833333333334,0,2,1
Belgium,WMP,BEL,2007,347.27791666666667,0,2,1
Ireland,Raw Milk,IRL,2007,34.946666666666665,0,2,1
Hungary,Raw Milk,HUN,2007,28.275833333333335,1,0,0
Hungary,Butter,HUN,2007,380.474625,1,0,0
Germany,SMP,DEU,2007,326.09166666666664,0,2,1
Netherlands,Raw Milk,NLD,2007,32.8225,0,1,1
Netherlands,SMP,NLD,2007,316.50416666666666,0,1,1
Netherlands,WMP,NLD,2007,332.75555833333334,0,1,1
Netherlands,Edam,NLD,2007,307.0,0,1,1
Ireland,Butter,IRL,2007,305.88595833333335,0,2,1
Germany,WMP,DEU,2007,340.5,0,2,1
Austria,Gouda,AUT,2007,390.75,2,2,2
Poland,Butter,POL,2007,301.2194583333333,2,2,2
Bulgaria,Raw Milk,BGR,2007,25.048333333333332,1,0,0
Lithuania,Raw Milk,LTU,2007,24.355,1,2,0
Italy,Butter,ITA,2007,393.6667,0,1,1
Ireland,Butter Oil,IRL,2007,377.65845833333333,0,2,1
Belgium,SMP,BEL,2007,324.14833333333337,0,2,1
Netherlands,Butter,NLD,2007,337.9486083333333,0,1,1
Belgium,Gouda,BEL,2007,358.5,0,2,1
Latvia,Raw Milk,LVA,2007,26.60363636363636,1,1,0
Ireland,SMP,IRL,2007,297.9957083333333,0,2,1
Austria,Raw Milk,AUT,2007,34.200909090909086,2,2,2
Lithuania,Gouda,LTU,2007,281.9320416666667,1,2,0
Germany,Raw Milk,DEU,2007,32.625,0,2,1
Hungary,SMP,HUN,2007,405.1666666666667,1,0,0
Ireland,WMP,IRL,2007,318.2853333333333,0,2,1
Italy,Raw Milk,ITA,2007,34.37,0,1,1
Germany,Whey Powder,DEU,2007,98.61666666666667,0,2,1
Ireland,Cheddar,IRL,2007,286.93266666666665,0,2,1
Spain,Butter,ESP,2007,249.393,0,1,2
Belgium,Butter Oil,BEL,2007,418.3333333333333,0,2,1
Latvia,WMP,LVA,2007,302.672125,1,1,0
France,Raw Milk,FRA,2007,31.522499999999997,0,2,1
Denmark,Raw Milk,DNK,2007,31.650000000000002,0,1,1
Austria,Edam,AUT,2007,325.2333333333333,2,2,2
Poland,SMP,POL,2007,293.318,2,2,2
Poland,Whey Powder,POL,2007,96.71458333333334,2,2,2
France,Emmental,FRA,2007,431.6844444444444,0,2,1
Finland,Butter,FIN,2007,278.33633333333336,2,0,2
Slovenia,Emmental,SVN,2007,532.869875,2,2,2
Finland,Edam,FIN,2007,434.7481666666667,2,0,2
France,Butter,FRA,2007,324.375,0,2,1
Estonia,Raw Milk,EST,2007,27.14272727272727,1,1,0
Denmark,Butter,DNK,2007,330.80739166666666,0,1,1
Finland,Emmental,FIN,2007,355.86133333333333,2,0,2
Germany,Butter,DEU,2007,349.08575,0,2,1
Germany,Edam,DEU,2007,323.5833333333333,0,2,1
France,WMP,FRA,2007,339.3125,0,2,1
Finland,Raw Milk,FIN,2007,38.09583333333333,2,0,2
Sweden,Raw Milk,SWE,2007,31.3025,2,1,2
Poland,WMP,POL,2007,312.6078333333333,2,2,2
Poland,Gouda,POL,2007,340.7391666666667,2,2,2
Slovenia,Gouda,SVN,2007,449.03191666666663,2,2,2
Czechia,Emmental,CZE,2007,434.992725,1,2,0
Czechia,Raw Milk,CZE,2007,29.478333333333335,1,2,0
Portugal,Raw Milk,PRT,2007,31.65833333333333,2,1,2
Sweden,WMP,SWE,2007,356.061,2,1,2
Czechia,Edam,CZE,2007,363.5242666666666,1,2,0
France,Whey Powder,FRA,2007,96.86874999999999,0,2,1
Sweden,SMP,SWE,2007,275.4643,2,1,2
Denmark,WMP,DNK,2007,300.5158666666667,0,1,1
Estonia,Edam,EST,2007,353.94216666666665,1,1,0
Czechia,Butter,CZE,2007,311.9644583333333,1,2,0
Slovenia,Raw Milk,SVN,2007,28.030833333333334,2,2,2
France,SMP,FRA,2007,327.84166666666664,0,2,1
Portugal,Butter,PRT,2007,281.0586666666666,2,1,2
Denmark,SMP,DNK,2007,305.1818916666667,0,1,1
Germany,Emmental,DEU,2007,459.97499999999997,0,2,1
Czechia,SMP,CZE,2007,270.4700833333333,1,2,0
Poland,Raw Milk,POL,2007,29.545,2,2,2
Slovenia,Edam,SVN,2007,378.141375,2,2,2
Czechia,WMP,CZE,2007,303.24258333333336,1,2,0
Latvia,Raw Milk,LVA,2008,27.635833333333334,1,1,0
Portugal,Butter,PRT,2008,251.99155833333336,2,1,2
Germany,Whey Powder,DEU,2008,41.81666666666667,0,2,1
Slovenia,Raw Milk,SVN,2008,32.9775,2,2,2
Poland,Whey Powder,POL,2008,41.49795833333334,2,2,2
Czechia,Emmental,CZE,2008,438.32170833333333,1,2,0
Lithuania,Raw Milk,LTU,2008,25.450833333333335,1,2,0
Belgium,WMP,BEL,2008,277.8666666666667,0,2,1
Belgium,Raw Milk,BEL,2008,32.03,0,2,1
Netherlands,SMP,NLD,2008,212.50833333333333,0,1,1
Ireland,Butter,IRL,2008,246.74816666666666,0,2,1
Denmark,Butter,DNK,2008,347.46795833333334,0,1,1
Netherlands,WMP,NLD,2008,269.3041666666667,0,1,1
Austria,Raw Milk,AUT,2008,38.835,2,2,2
France,Butter,FRA,2008,260.46666666666664,0,2,1
Spain,Butter,ESP,2008,250.22154166666667,0,1,2
Hungary,WMP,HUN,2008,298.00917142857145,1,0,0
Hungary,SMP,HUN,2008,381.45016999999996,1,0,0
Czechia,Edam,CZE,2008,401.08758333333327,1,2,0
France,Emmental,FRA,2008,493.36999999999995,0,2,1
France,Raw Milk,FRA,2008,36.3075,0,2,1
Hungary,Raw Milk,HUN,2008,32.174166666666665,1,0,0
Hungary,Butter,HUN,2008,457.3449083333333,1,0,0
France,SMP,FRA,2008,221.422225,0,2,1
Belgium,Butter,BEL,2008,285.3475,0,2,1
Poland,Gouda,POL,2008,326.2525416666667,2,2,2
Ireland,Butter Oil,IRL,2008,307.70666666666665,0,2,1
Netherlands,Edam,NLD,2008,288.75,0,1,1
Estonia,Raw Milk,EST,2008,29.685,1,1,0
Ireland,WMP,IRL,2008,234.33183333333332,0,2,1
Latvia,Butter,LVA,2008,319.80466666666666,1,1,0
Belgium,Cheddar,BEL,2008,338.14625,0,2,1
Czechia,WMP,CZE,2008,301.6524,1,2,0
Estonia,Edam,EST,2008,403.65845833333333,1,1,0
Slovenia,Edam,SVN,2008,452.32916666666665,2,2,2
Netherlands,Butter,NLD,2008,262.21666666666664,0,1,1
Czechia,SMP,CZE,2008,232.62658333333334,1,2,0
Italy,Butter,ITA,2008,288.25,0,1,1
Denmark,WMP,DNK,2008,269.2160416666666,0,1,1
Belgium,Gouda,BEL,2008,340.6666666666667,0,2,1
Italy,Raw Milk,ITA,2008,37.385,0,1,1
Denmark,SMP,DNK,2008,264.295125,0,1,1
Sweden,WMP,SWE,2008,314.533425,2,1,2
Portugal,Raw Milk,PRT,2008,36.324999999999996,2,1,2
Spain,Emmental,ESP,2008,818.6895416666666,0,1,2
Spain,Raw Milk,ESP,2008,37.93833333333333,0,1,2
Denmark,Raw Milk,DNK,2008,37.17,0,1,1
Netherlands,Raw Milk,NLD,2008,35.92166666666667,0,1,1
Slovenia,Gouda,SVN,2008,564.4559166666667,2,2,2
Ireland,Cheddar,IRL,2008,328.9715,0,2,1
Netherlands,Gouda,NLD,2008,345.65000000000003,0,1,1
Finland,Raw Milk,FIN,2008,43.60333333333333,2,0,2
Ireland,Raw Milk,IRL,2008,35.70272727272727,0,2,1
Luxembourg,Raw Milk,LUX,2008,37.64666666666667,0,2,1
Latvia,Edam,LVA,2008,402.15450000000004,1,1,0
Czechia,Raw Milk,CZE,2008,32.9375,1,2,0
Belgium,Butter Oil,BEL,2008,370.1666666666667,0,2,1
Finland,Edam,FIN,2008,488.3933333333334,2,0,2
Belgium,SMP,BEL,2008,225.78750000000002,0,2,1
Slovenia,Emmental,SVN,2008,619.3518333333333,2,2,2
Finland,Butter,FIN,2008,300.26383333333337,2,0,2
Ireland,SMP,IRL,2008,209.2745,0,2,1
Finland,Emmental,FIN,2008,443.771,2,0,2
Bulgaria,Raw Milk,BGR,2008,31.423000000000002,1,0,0
Sweden,Raw Milk,SWE,2008,35.964166666666664,2,1,2
Germany,WMP,DEU,2008,266.07708333333335,0,2,1
Spain,Edam,ESP,2008,676.439875,0,1,2
Latvia,WMP,LVA,2008,323.18083333333334,1,1,0
Netherlands,Whey Powder,NLD,2008,44.47083333333333,0,1,1
Germany,Gouda,DEU,2008,323.05,0,2,1
Germany,Edam,DEU,2008,314.4791666666667,0,2,1
Poland,Raw Milk,POL,2008,30.31833333333333,2,2,2
Poland,WMP,POL,2008,262.4699583333333,2,2,2
Germany,Emmental,DEU,2008,538.0541666666667,0,2,1
Czechia,Butter,CZE,2008,273.653875,1,2,0
Poland,Butter,POL,2008,255.48837500000002,2,2,2
Germany,SMP,DEU,2008,228.36666666666667,0,2,1
Lithuania,Gouda,LTU,2008,352.069,1,2,0
Poland,Edam,POL,2008,326.561125,2,2,2
Poland,SMP,POL,2008,213.23216666666667,2,2,2
France,Whey Powder,FRA,2008,43.617358333333335,0,2,1
France,WMP,FRA,2008,273.36110833333333,0,2,1
Austria,Gouda,AUT,2008,416.36110833333333,2,2,2
Germany,Butter,DEU,2008,272.1429166666667,0,2,1
Germany,Raw Milk,DEU,2008,33.50833333333333,0,2,1
Latvia,SMP,LVA,2008,321.2189583333333,1,1,0
Netherlands,Whey Powder,NLD,2009,48.281949999999995,0,1,1
Finland,Raw Milk,FIN,2009,39.00666666666667,2,0,2
Poland,Raw Milk,POL,2009,22.189166666666665,2,2,2
Ireland,WMP,IRL,2009,198.9740833333333,0,2,1
Ireland,Butter,IRL,2009,227.00075,0,2,1
Belgium,Butter Oil,BEL,2009,340.14027500000003,0,2,1
Latvia,Butter,LVA,2009,251.16495833333332,1,1,0
Belgium,Cheddar,BEL,2009,248.467225,0,2,1
Spain,Butter,ESP,2009,217.890725,0,1,2
Poland,Edam,POL,2009,253.618875,2,2,2
Czechia,WMP,CZE,2009,204.499375,1,2,0
Spain,Edam,ESP,2009,679.1540416666667,0,1,2
Netherlands,Raw Milk,NLD,2009,26.77416666666667,0,1,1
France,Butter,FRA,2009,241.10833333333335,0,2,1
Slovenia,Edam,SVN,2009,427.26075,2,2,2
Estonia,Raw Milk,EST,2009,21.055,1,1,0
Slovenia,Gouda,SVN,2009,500.71299999999997,2,2,2
Ireland,Butter Oil,IRL,2009,276.25279166666667,0,2,1
Poland,SMP,POL,2009,161.65566666666666,2,2,2
Ireland,SMP,IRL,2009,170.43529166666667,0,2,1
Romania,Raw Milk,ROU,2009,20.099090909090908,1,0,0
Latvia,SMP,LVA,2009,230.72916666666666,1,1,0
Portugal,Raw Milk,PRT,2009,29.025000000000002,2,1,2
Netherlands,Edam,NLD,2009,226.0666666666667,0,1,1
Sweden,WMP,SWE,2009,229.59994166666664,2,1,2
Lithuania,Raw Milk,LTU,2009,18.236666666666668,1,2,0
Belgium,SMP,BEL,2009,182.71666666666667,0,2,1
Spain,Emmental,ESP,2009,831.6887499999999,0,1,2
Finland,Whey Powder,FIN,2009,40.0,2,0,2
Czechia,Emmental,CZE,2009,469.59591666666665,1,2,0
Belgium,WMP,BEL,2009,221.89180833333333,0,2,1
Luxembourg,Raw Milk,LUX,2009,26.8175,0,2,1
Sweden,Raw Milk,SWE,2009,26.17,2,1,2
Spain,Raw Milk,ESP,2009,29.1825,0,1,2
Germany,Butter,DEU,2009,234.43345833333333,0,2,1
Netherlands,SMP,NLD,2009,175.74860833333332,0,1,1
Germany,Raw Milk,DEU,2009,23.715833333333332,0,2,1
Germany,SMP,DEU,2009,177.975,0,2,1
Denmark,Raw Milk,DNK,2009,27.528333333333332,0,1,1
Hungary,SMP,HUN,2009,340.7395285714286,1,0,0
Finland,Edam,FIN,2009,461.6788833333333,2,0,2
Portugal,Butter,PRT,2009,230.45979166666666,2,1,2
Poland,WMP,POL,2009,189.09133333333332,2,2,2
Netherlands,WMP,NLD,2009,203.3125,0,1,1
Slovenia,Emmental,SVN,2009,597.6947916666667,2,2,2
Denmark,WMP,DNK,2009,204.461125,0,1,1
Czechia,Butter,CZE,2009,239.30224166666667,1,2,0
France,SMP,FRA,2009,179.45416666666665,0,2,1
Ireland,Raw Milk,IRL,2009,24.73,0,2,1
Germany,Whey Powder,DEU,2009,46.63125,0,2,1
Czechia,Whey Powder,CZE,2009,47.62,1,2,0
Lithuania,Gouda,LTU,2009,264.366625,1,2,0
Belgium,Gouda,BEL,2009,335.0,0,2,1
Austria,Gouda,AUT,2009,341.8541666666667,2,2,2
Slovenia,Raw Milk,SVN,2009,25.897499999999997,2,2,2
Latvia,Raw Milk,LVA,2009,18.655,1,1,0
Denmark,SMP,DNK,2009,187.00316666666666,0,1,1
Italy,Raw Milk,ITA,2009,30.56833333333333,0,1,1
Poland,Whey Powder,POL,2009,41.27554166666667,2,2,2
France,WMP,FRA,2009,212.4625,0,2,1
Netherlands,Gouda,NLD,2009,278.18333333333334,0,1,1
Bulgaria,Raw Milk,BGR,2009,25.365,1,0,0
Poland,Gouda,POL,2009,244.77283333333332,2,2,2
Latvia,Edam,LVA,2009,286.38466666666665,1,1,0
Italy,Butter,ITA,2009,247.28703333333337,0,1,1
Austria,Raw Milk,AUT,2009,28.986666666666665,2,2,2
Czechia,Edam,CZE,2009,322.337,1,2,0
Estonia,Edam,EST,2009,344.22150000000005,1,1,0
Finland,Butter,FIN,2009,236.14494166666668,2,0,2
Latvia,WMP,LVA,2009,207.87566666666666,1,1,0
Belgium,Butter,BEL,2009,256.60860833333334,0,2,1
Czechia,Raw Milk,CZE,2009,22.63,1,2,0
France,Emmental,FRA,2009,448.55,0,2,1
Netherlands,Butter,NLD,2009,247.827775,0,1,1
Finland,Emmental,FIN,2009,359.2507666666667,2,0,2
France,Raw Milk,FRA,2009,29.8475,0,2,1
Poland,Butter,POL,2009,242.70708333333334,2,2,2
Germany,Gouda,DEU,2009,242.16333333333333,0,2,1
Czechia,SMP,CZE,2009,164.640875,1,2,0
Germany,WMP,DEU,2009,202.86666666666667,0,2,1
Germany,Edam,DEU,2009,241.09008333333335,0,2,1
Hungary,Butter,HUN,2009,421.26651666666663,1,0,0
Ireland,Cheddar,IRL,2009,233.2925,0,2,1
Germany,Emmental,DEU,2009,476.825,0,2,1
Denmark,Butter,DNK,2009,285.2257916666667,0,1,1
France,Whey Powder,FRA,2009,48.46041666666667,0,2,1
Hungary,Raw Milk,HUN,2009,21.473333333333333,1,0,0
Belgium,Raw Milk,BEL,2009,23.67,0,2,1
Finland,Emmental,FIN,2010,355.0946,2,0,2
Germany,Edam,DEU,2010,279.43175,0,2,1
Finland,Edam,FIN,2010,422.4014,2,0,2
Belgium,SMP,BEL,2010,221.0275,0,2,1
Latvia,SMP,LVA,2010,227.87287500000002,1,1,0
Ireland,Raw Milk,IRL,2010,30.828333333333333,0,2,1
Poland,Butter,POL,2010,320.531625,2,2,2
Czechia,Raw Milk,CZE,2010,28.281666666666666,1,2,0
Belgium,Butter Oil,BEL,2010,404.77,0,2,1
Austria,Gouda,AUT,2010,308.69,2,2,2
Poland,SMP,POL,2010,209.64729166666666,2,2,2
Netherlands,Butter,NLD,2010,345.2833333333333,0,1,1
Belgium,Raw Milk,BEL,2010,30.465,0,2,1
Czechia,SMP,CZE,2010,215.30708333333334,1,2,0
Germany,Emmental,DEU,2010,390.85833333333335,0,2,1
Italy,Butter,ITA,2010,310.57222222222225,0,1,1
Denmark,WMP,DNK,2010,259.651,0,1,1
Czechia,Whey Powder,CZE,2010,74.22691666666667,1,2,0
Denmark,SMP,DNK,2010,221.4967,0,1,1
Poland,Gouda,POL,2010,302.87804166666666,2,2,2
Italy,Raw Milk,ITA,2010,33.83166666666667,0,1,1
Austria,Whey Powder,AUT,2010,83.81,2,2,2
Luxembourg,Raw Milk,LUX,2010,29.775000000000002,0,2,1
Finland,Butter,FIN,2010,259.46899999999994,2,0,2
Germany,Gouda,DEU,2010,278.82779166666666,0,2,1
Latvia,WMP,LVA,2010,266.78654166666666,1,1,0
Ireland,SMP,IRL,2010,212.42029166666666,0,2,1
Romania,Raw Milk,ROU,2010,23.915833333333335,1,0,0
Sweden,WMP,SWE,2010,236.9299,2,1,2
Netherlands,Edam,NLD,2010,287.52500000000003,0,1,1
Spain,Emmental,ESP,2010,841.6885000000001,0,1,2
Slovenia,Edam,SVN,2010,432.3965,2,2,2
Germany,Raw Milk,DEU,2010,30.97,0,2,1
Estonia,Raw Milk,EST,2010,27.735833333333332,1,1,0
Poland,Raw Milk,POL,2010,27.325833333333335,2,2,2
Latvia,Butter,LVA,2010,319.677375,1,1,0
Ireland,Whey Powder,IRL,2010,62.07975,0,2,1
Poland,Edam,POL,2010,303.86691666666667,2,2,2
Belgium,Cheddar,BEL,2010,288.539,0,2,1
Estonia,Edam,EST,2010,361.1260833333333,1,1,0
Austria,Raw Milk,AUT,2010,31.7925,2,2,2
Ireland,WMP,IRL,2010,257.08824999999996,0,2,1
Latvia,Edam,LVA,2010,347.44854166666664,1,1,0
Finland,Raw Milk,FIN,2010,39.526666666666664,2,0,2
Austria,Emmental,AUT,2010,430.53000000000003,2,2,2
Ireland,Butter Oil,IRL,2010,383.026775,0,2,1
Hungary,Butter,HUN,2010,445.3415,1,0,0
Lithuania,Raw Milk,LTU,2010,25.138333333333335,1,2,0
Spain,Butter,ESP,2010,279.978875,0,1,2
Sweden,Raw Milk,SWE,2010,33.678333333333335,2,1,2
Lithuania,Gouda,LTU,2010,325.43075,1,2,0
Portugal,Raw Milk,PRT,2010,28.650000000000002,2,1,2
Slovenia,Gouda,SVN,2010,494.2943,2,2,2
France,Raw Milk,FRA,2010,30.962500000000002,0,2,1
France,Whey Powder,FRA,2010,65.42958333333333,0,2,1
Czechia,Emmental,CZE,2010,520.8524583333333,1,2,0
Germany,WMP,DEU,2010,269.3541666666667,0,2,1
Czechia,Edam,CZE,2010,361.38758333333334,1,2,0
Germany,Butter,DEU,2010,346.84200000000004,0,2,1
Netherlands,SMP,NLD,2010,216.327775,0,1,1
Belgium,Butter,BEL,2010,338.18555833333335,0,2,1
Czechia,WMP,CZE,2010,264.78495833333335,1,2,0
Slovenia,Raw Milk,SVN,2010,26.849166666666665,2,2,2
Ireland,Butter,IRL,2010,312.3564,0,2,1
Netherlands,Whey Powder,NLD,2010,68.15416666666667,0,1,1
France,Butter,FRA,2010,330.675,0,2,1
France,Butter Oil,FRA,2010,433.53599999999994,0,2,1
Portugal,Butter,PRT,2010,327.2844166666667,2,1,2
Belgium,WMP,BEL,2010,275.55275,0,2,1
France,Emmental,FRA,2010,412.5,0,2,1
Denmark,Butter,DNK,2010,304.332,0,1,1
Hungary,Raw Milk,HUN,2010,26.022499999999997,1,0,0
Netherlands,WMP,NLD,2010,266.977775,0,1,1
Netherlands,Gouda,NLD,2010,306.53749999999997,0,1,1
Bulgaria,Raw Milk,BGR,2010,27.61583333333333,1,0,0
Slovenia,Emmental,SVN,2010,599.5268,2,2,2
Poland,Whey Powder,POL,2010,66.15883333333333,2,2,2
Ireland,Cheddar,IRL,2010,265.3515,0,2,1
Latvia,Raw Milk,LVA,2010,25.114166666666666,1,1,0
France,WMP,FRA,2010,272.92,0,2,1
France,SMP,FRA,2010,221.58333333333334,0,2,1
Portugal,SMP,PRT,2010,229.734375,2,1,2
Poland,WMP,POL,2010,264.73645833333336,2,2,2
Netherlands,Raw Milk,NLD,2010,31.427272727272726,0,1,1
Germany,Whey Powder,DEU,2010,75.54583333333333,0,2,1
Denmark,Raw Milk,DNK,2010,31.936666666666667,0,1,1
Spain,Edam,ESP,2010,676.038,0,1,2
Czechia,Butter,CZE,2010,332.998,1,2,0
Germany,SMP,DEU,2010,220.6625,0,2,1
Spain,Raw Milk,ESP,2010,29.375833333333333,0,1,2
Latvia,WMP,LVA,2011,289.74805833333335,1,1,0
Netherlands,WMP,NLD,2011,300.8666666666667,0,1,1
Latvia,Raw Milk,LVA,2011,29.35166666666667,1,1,0
Italy,Raw Milk,ITA,2011,38.4525,0,1,1
Poland,Edam,POL,2011,329.42633333333333,2,2,2
Czechia,Butter,CZE,2011,387.00141666666667,1,2,0
Austria,Whey Powder,AUT,2011,108.25416666666666,2,2,2
Lithuania,Gouda,LTU,2011,358.46599999999995,1,2,0
Slovenia,Raw Milk,SVN,2011,30.473333333333333,2,2,2
Germany,WMP,DEU,2011,308.66041666666666,0,2,1
Portugal,Butter,PRT,2011,382.36945833333334,2,1,2
Italy,Butter,ITA,2011,360.9375,0,1,1
Ireland,Whey Powder,IRL,2011,75.009,0,2,1
Bulgaria,Raw Milk,BGR,2011,32.678333333333335,1,0,0
Estonia,Edam,EST,2011,341.518475,1,1,0
Czechia,Edam,CZE,2011,372.70374999999996,1,2,0
Germany,Emmental,DEU,2011,413.8833333333334,0,2,1
Germany,Whey Powder,DEU,2011,94.08333333333333,0,2,1
Hungary,Raw Milk,HUN,2011,30.834166666666665,1,0,0
France,WMP,FRA,2011,293.90500000000003,0,2,1
Belgium,Raw Milk,BEL,2011,33.10916666666667,0,2,1
Luxembourg,Raw Milk,LUX,2011,32.79333333333333,0,2,1
Poland,Gouda,POL,2011,325.6421666666667,2,2,2
France,Raw Milk,FRA,2011,33.300000000000004,0,2,1
France,Whey Powder,FRA,2011,81.45833333333333,0,2,1
France,SMP,FRA,2011,233.12333333333333,0,2,1
Netherlands,Butter,NLD,2011,393.5833333333333,0,1,1
Czechia,WMP,CZE,2011,298.65770833333335,1,2,0
Austria,Emmental,AUT,2011,466.2166666666667,2,2,2
Germany,Gouda,DEU,2011,310.95829166666664,0,2,1
Austria,Raw Milk,AUT,2011,35.406666666666666,2,2,2
Czechia,SMP,CZE,2011,239.92629166666666,1,2,0
Belgium,Butter,BEL,2011,391.795625,0,2,1
Poland,Whey Powder,POL,2011,78.59366666666666,2,2,2
Ireland,WMP,IRL,2011,282.0276666666667,0,2,1
Ireland,SMP,IRL,2011,226.43883333333335,0,2,1
Spain,Edam,ESP,2011,691.8820000000001,0,1,2
Poland,SMP,POL,2011,227.96983333333333,2,2,2
Ireland,Butter Oil,IRL,2011,432.132,0,2,1
Spain,Butter,ESP,2011,342.391,0,1,2
Poland,Butter,POL,2011,363.65916666666664,2,2,2
Germany,SMP,DEU,2011,242.5666666666667,0,2,1
Czechia,Raw Milk,CZE,2011,32.71666666666666,1,2,0
Spain,Raw Milk,ESP,2011,31.285833333333333,0,1,2
Czechia,Whey Powder,CZE,2011,87.25479166666666,1,2,0
Portugal,Raw Milk,PRT,2011,31.24416666666667,2,1,2
Belgium,SMP,BEL,2011,245.26458333333335,0,2,1
Netherlands,Raw Milk,NLD,2011,36.87916666666667,0,1,1
Portugal,SMP,PRT,2011,256.28495833333335,2,1,2
Portugal,WMP,PRT,2011,304.915,2,1,2
Denmark,Raw Milk,DNK,2011,35.666666666666664,0,1,1
Ireland,Cheddar,IRL,2011,300.5378333333333,0,2,1
Ireland,Raw Milk,IRL,2011,34.33083333333334,0,2,1
Portugal,Whey Powder,PRT,2011,76.2025,2,1,2
Latvia,Edam,LVA,2011,418.2038333333333,1,1,0
Netherlands,Gouda,NLD,2011,335.39444166666664,0,1,1
Finland,Raw Milk,FIN,2011,42.70249999999999,2,0,2
Germany,Edam,DEU,2011,312.83250000000004,0,2,1
Sweden,Raw Milk,SWE,2011,37.86833333333333,2,1,2
Lithuania,Raw Milk,LTU,2011,28.805000000000003,1,2,0
Latvia,Butter,LVA,2011,370.9783333333333,1,1,0
Ireland,Butter,IRL,2011,349.99916666666667,0,2,1
France,Butter Oil,FRA,2011,471.3516666666667,0,2,1
Estonia,Raw Milk,EST,2011,32.26166666666666,1,1,0
Romania,Raw Milk,ROU,2011,28.195833333333336,1,0,0
Belgium,WMP,BEL,2011,312.71104166666663,0,2,1
Netherlands,SMP,NLD,2011,239.4333333333333,0,1,1
France,Butter,FRA,2011,380.5016666666666,0,2,1
Netherlands,Whey Powder,NLD,2011,86.22083333333335,0,1,1
Germany,Raw Milk,DEU,2011,34.766666666666666,0,2,1
Estonia,Gouda,EST,2011,367.44538181818183,1,1,0
Latvia,SMP,LVA,2011,259.14370833333334,1,1,0
Czechia,Emmental,CZE,2011,544.274625,1,2,0
Spain,Emmental,ESP,2011,859.8568333333333,0,1,2
Poland,WMP,POL,2011,294.27483333333333,2,2,2
Netherlands,Edam,NLD,2011,314.90833333333336,0,1,1
Germany,Butter,DEU,2011,395.22616666666664,0,2,1
Poland,Raw Milk,POL,2011,29.50916666666667,2,2,2
Lithuania,Gouda,LTU,2012,366.15462499999995,1,2,0
Latvia,Edam,LVA,2012,415.8206666666667,1,1,0
Spain,Edam,ESP,2012,699.2533333333334,0,1,2
Luxembourg,Raw Milk,LUX,2012,31.16,0,2,1
Latvia,SMP,LVA,2012,238.82356666666666,1,1,0
Denmark,Raw Milk,DNK,2012,34.041666666666664,0,1,1
Czechia,WMP,CZE,2012,277.7225416666667,1,2,0
Latvia,Butter,LVA,2012,340.35830833333335,1,1,0
Latvia,Raw Milk,LVA,2012,27.633333333333336,1,1,0
Lithuania,Raw Milk,LTU,2012,26.526666666666667,1,2,0
Latvia,WMP,LVA,2012,267.26563,1,1,0
Czechia,Whey Powder,CZE,2012,95.45691666666666,1,2,0
Austria,Whey Powder,AUT,2012,126.15833333333335,2,2,2
Ireland,Butter,IRL,2012,282.57483333333334,0,2,1
Spain,Butter,ESP,2012,273.4315833333333,0,1,2
Poland,Butter,POL,2012,293.2823333333333,2,2,2
Poland,SMP,POL,2012,226.92237500000002,2,2,2
Ireland,Butter Oil,IRL,2012,346.76,0,2,1
Sweden,Raw Milk,SWE,2012,35.76083333333333,2,1,2
Portugal,Raw Milk,PRT,2012,30.59,2,1,2
Czechia,Emmental,CZE,2012,565.8138833333334,1,2,0
Spain,Raw Milk,ESP,2012,30.891666666666666,0,1,2
Netherlands,SMP,NLD,2012,234.240275,0,1,1
Italy,Raw Milk,ITA,2012,36.973333333333336,0,1,1
Germany,Edam,DEU,2012,297.6506083333333,0,2,1
Belgium,WMP,BEL,2012,277.881875,0,2,1
Portugal,Butter,PRT,2012,284.94283333333334,2,1,2
Austria,Emmental,AUT,2012,463.24583333333334,2,2,2
Belgium,Butter,BEL,2012,306.08708333333334,0,2,1
Czechia,Edam,CZE,2012,357.503375,1,2,0
Hungary,Raw Milk,HUN,2012,29.834999999999997,1,0,0
France,Raw Milk,FRA,2012,31.955833333333334,0,2,1
Netherlands,WMP,NLD,2012,270.40555,0,1,1
Germany,SMP,DEU,2012,236.184725,0,2,1
Germany,Whey Powder,DEU,2012,101.6875,0,2,1
Poland,WMP,POL,2012,272.674875,2,2,2
Poland,Whey Powder,POL,2012,87.88054166666666,2,2,2
Czechia,Butter,CZE,2012,326.01,1,2,0
Germany,WMP,DEU,2012,274.54722499999997,0,2,1
Bulgaria,Raw Milk,BGR,2012,30.474999999999998,1,0,0
Slovenia,Raw Milk,SVN,2012,30.143333333333334,2,2,2
Germany,Butter,DEU,2012,306.98472499999997,0,2,1
Netherlands,Raw Milk,NLD,2012,33.80416666666667,0,1,1
Portugal,WMP,PRT,2012,295.6322666666667,2,1,2
Germany,Raw Milk,DEU,2012,31.877272727272725,0,2,1
Netherlands,Whey Powder,NLD,2012,91.355,0,1,1
Germany,Emmental,DEU,2012,399.3041666666666,0,2,1
Austria,Raw Milk,AUT,2012,33.82,2,2,2
Ireland,Whey Powder,IRL,2012,86.40516666666667,0,2,1
Estonia,Edam,EST,2012,329.4347333333333,1,1,0
Estonia,Gouda,EST,2012,395.113525,1,1,0
Germany,Gouda,DEU,2012,294.4795833333333,0,2,1
Ireland,WMP,IRL,2012,264.76616666666666,0,2,1
Estonia,Raw Milk,EST,2012,30.0425,1,1,0
Ireland,Cheddar,IRL,2012,292.7801666666667,0,2,1
Romania,Raw Milk,ROU,2012,27.249166666666667,1,0,0
Spain,Emmental,ESP,2012,876.3653333333333,0,1,2
Netherlands,Edam,NLD,2012,284.04583333333335,0,1,1
Poland,Edam,POL,2012,321.22775,2,2,2
Poland,Raw Milk,POL,2012,28.745,2,2,2
Ireland,SMP,IRL,2012,227.2755,0,2,1
Poland,Gouda,POL,2012,316.8089166666667,2,2,2
Czechia,Raw Milk,CZE,2012,29.72666666666667,1,2,0
Belgium,SMP,BEL,2012,241.17225,0,2,1
Portugal,Whey Powder,PRT,2012,79.94758333333333,2,1,2
Ireland,Raw Milk,IRL,2012,32.29083333333333,0,2,1
Finland,Raw Milk,FIN,2012,44.965,2,0,2
Italy,Butter,ITA,2012,273.075,0,1,1
Czechia,SMP,CZE,2012,231.65374999999997,1,2,0
Netherlands,Gouda,NLD,2012,301.80694166666666,0,1,1
Netherlands,Butter,NLD,2012,299.397225,0,1,1
Belgium,Raw Milk,BEL,2012,30.185833333333335,0,2,1
Poland,Gouda,POL,2013,354.2774166666666,2,2,2
Poland,Raw Milk,POL,2013,31.748333333333335,2,2,2
Poland,SMP,POL,2013,292.121625,2,2,2
Latvia,WMP,LVA,2013,321.0200181818182,1,1,0
Poland,Butter,POL,2013,365.3111666666667,2,2,2
Netherlands,Whey Powder,NLD,2013,96.65833333333335,0,1,1
Poland,WMP,POL,2013,333.35858333333334,2,2,2
Poland,Edam,POL,2013,353.9082916666666,2,2,2
Slovenia,Raw Milk,SVN,2013,32.3025,2,2,2
Luxembourg,Raw Milk,LUX,2013,36.5425,0,2,1
Netherlands,Butter,NLD,2013,391.075,0,1,1
Romania,Raw Milk,ROU,2013,29.799,1,0,0
Netherlands,Edam,NLD,2013,345.05,0,1,1
Portugal,Whey Powder,PRT,2013,86.87126666666666,2,1,2
Netherlands,Gouda,NLD,2013,356.5,0,1,1
Netherlands,Raw Milk,NLD,2013,39.454166666666666,0,1,1
Portugal,Raw Milk,PRT,2013,33.545833333333334,2,1,2
Lithuania,Raw Milk,LTU,2013,31.66916666666667,1,2,0
Netherlands,SMP,NLD,2013,302.52500000000003,0,1,1
Lithuania,Gouda,LTU,2013,398.2966666666667,1,2,0
Portugal,Butter,PRT,2013,377.1923583333333,2,1,2
Belgium,Butter,BEL,2013,397.54541666666665,0,2,1
Netherlands,WMP,NLD,2013,352.7291666666667,0,1,1
Poland,Whey Powder,POL,2013,91.828125,2,2,2
Austria,Whey Powder,AUT,2013,153.4625,2,2,2
Spain,Butter,ESP,2013,365.76704166666667,0,1,2
Portugal,WMP,PRT,2013,352.19600833333334,2,1,2
Spain,Emmental,ESP,2013,949.2710416666667,0,1,2
Belgium,Raw Milk,BEL,2013,37.21583333333333,0,2,1
Estonia,Raw Milk,EST,2013,33.670833333333334,1,1,0
Germany,SMP,DEU,2013,306.8666666666667,0,2,1
Croatia,Butter,HRV,2013,409.13533333333334,2,0,2
Croatia,Edam,HRV,2013,446.3776666666667,2,0,2
Austria,Emmental,AUT,2013,468.7791666666667,2,2,2
Belgium,SMP,BEL,2013,311.25212500000004,0,2,1
Czechia,Raw Milk,CZE,2013,32.68,1,2,0
Finland,Raw Milk,FIN,2013,45.94,2,0,2
Ireland,SMP,IRL,2013,288.87933333333336,0,2,1
Latvia,Butter,LVA,2013,374.3461,1,1,0
Germany,Raw Milk,DEU,2013,37.45583333333334,0,2,1
Germany,Gouda,DEU,2013,322.71035,0,2,1
Ireland,WMP,IRL,2013,341.1537916666667,0,2,1
Sweden,Raw Milk,SWE,2013,39.600833333333334,2,1,2
Finland,SMP,FIN,2013,291.23493636363634,2,0,2
Croatia,Gouda,HRV,2013,455.4628333333333,2,0,2
Czechia,Emmental,CZE,2013,530.5804416666666,1,2,0
Ireland,Whey Powder,IRL,2013,94.28399999999999,0,2,1
Czechia,Edam,CZE,2013,372.909875,1,2,0
France,Raw Milk,FRA,2013,34.635,0,2,1
Germany,Emmental,DEU,2013,417.28889166666664,0,2,1
Croatia,Raw Milk,HRV,2013,36.03333333333333,2,0,2
Czechia,Butter,CZE,2013,385.1560416666667,1,2,0
Italy,Raw Milk,ITA,2013,38.82416666666667,0,1,1
Germany,Edam,DEU,2013,331.9376833333333,0,2,1
Austria,Raw Milk,AUT,2013,37.625,2,2,2
Germany,Butter,DEU,2013,394.4013916666667,0,2,1
Ireland,Butter Oil,IRL,2013,440.39770833333336,0,2,1
Ireland,Raw Milk,IRL,2013,38.31166666666667,0,2,1
Estonia,Gouda,EST,2013,372.3736666666667,1,1,0
Latvia,Edam,LVA,2013,440.022625,1,1,0
Italy,Butter,ITA,2013,367.034725,0,1,1
Denmark,Raw Milk,DNK,2013,38.625,0,1,1
Latvia,Raw Milk,LVA,2013,30.566666666666666,1,1,0
Hungary,Raw Milk,HUN,2013,32.35166666666667,1,0,0
Czechia,WMP,CZE,2013,336.323125,1,2,0
Belgium,WMP,BEL,2013,357.90220833333336,0,2,1
Germany,Whey Powder,DEU,2013,106.47916666666667,0,2,1
Ireland,Butter,IRL,2013,361.1451666666667,0,2,1
Ireland,Cheddar,IRL,2013,329.71020833333336,0,2,1
Latvia,SMP,LVA,2013,288.45935833333334,1,1,0
Czechia,SMP,CZE,2013,288.1665,1,2,0
Estonia,Edam,EST,2013,325.873125,1,1,0
Czechia,Whey Powder,CZE,2013,100.5305,1,2,0
Bulgaria,Raw Milk,BGR,2013,34.02363636363636,1,0,0
Spain,Edam,ESP,2013,728.61425,0,1,2
Spain,Raw Milk,ESP,2013,34.31166666666667,0,1,2
Germany,WMP,DEU,2013,355.06666666666666,0,2,1
Ireland,Whey Powder,IRL,2014,87.72483333333334,0,2,1
Belgium,Raw Milk,BEL,2014,36.00333333333333,0,2,1
Germany,Emmental,DEU,2014,439.80833333333334,0,2,1
Slovenia,Raw Milk,SVN,2014,34.666666666666664,2,2,2
Spain,Butter,ESP,2014,369.5632083333333,0,1,2
Poland,Raw Milk,POL,2014,32.24583333333333,2,2,2
Spain,Raw Milk,ESP,2014,35.18,0,1,2
Austria,Emmental,AUT,2014,501.0294416666666,2,2,2
Netherlands,SMP,NLD,2014,257.96666666666664,0,1,1
Germany,Edam,DEU,2014,320.85369166666663,0,2,1
Belgium,WMP,BEL,2014,313.1385833333333,0,2,1
Poland,SMP,POL,2014,264.0927083333333,2,2,2
Ireland,Butter,IRL,2014,329.72933333333333,0,2,1
Netherlands,Butter,NLD,2014,331.67083333333335,0,1,1
Croatia,Raw Milk,HRV,2014,35.555,2,0,2
Poland,Gouda,POL,2014,338.2571666666667,2,2,2
Belgium,SMP,BEL,2014,269.4733333333333,0,2,1
Belgium,Butter,BEL,2014,334.01479166666667,0,2,1
Bulgaria,Raw Milk,BGR,2014,34.575833333333335,1,0,0
Ireland,Raw Milk,IRL,2014,37.66416666666667,0,2,1
Netherlands,Gouda,NLD,2014,368.3,0,1,1
Germany,SMP,DEU,2014,266.5520833333333,0,2,1
Croatia,Butter,HRV,2014,408.698875,2,0,2
Poland,Butter,POL,2014,333.3066416666667,2,2,2
Spain,Emmental,ESP,2014,988.6491666666667,0,1,2
Ireland,Cheddar,IRL,2014,337.1408333333333,0,2,1
Germany,WMP,DEU,2014,310.2388916666667,0,2,1
Croatia,Gouda,HRV,2014,415.01,2,0,2
Austria,Whey Powder,AUT,2014,127.60833333333333,2,2,2
Netherlands,Edam,NLD,2014,310.26363636363635,0,1,1
Germany,Raw Milk,DEU,2014,37.63583333333333,0,2,1
Germany,Whey Powder,DEU,2014,103.35972500000001,0,2,1
Germany,Gouda,DEU,2014,323.3274166666667,0,2,1
Netherlands,Raw Milk,NLD,2014,39.4375,0,1,1
Poland,Edam,POL,2014,341.052125,2,2,2
Netherlands,WMP,NLD,2014,300.3958333333333,0,1,1
Netherlands,Whey Powder,NLD,2014,89.20833333333333,0,1,1
Croatia,Edam,HRV,2014,398.18608333333333,2,0,2
Hungary,Raw Milk,HUN,2014,33.431666666666665,1,0,0
Ireland,SMP,IRL,2014,267.7803333333333,0,2,1
Ireland,WMP,IRL,2014,296.02883333333335,0,2,1
Ireland,Butter Oil,IRL,2014,402.39016666666663,0,2,1
Czechia,Raw Milk,CZE,2014,33.134166666666665,1,2,0
Czechia,Emmental,CZE,2014,516.2215,1,2,0
Finland,SMP,FIN,2014,315.68718181818184,2,0,2
Portugal,Raw Milk,PRT,2014,34.85666666666667,2,1,2
Luxembourg,Raw Milk,LUX,2014,37.545833333333334,0,2,1
Sweden,Raw Milk,SWE,2014,38.64416666666667,2,1,2
Portugal,WMP,PRT,2014,329.4405,2,1,2
Lithuania,Gouda,LTU,2014,370.75416666666666,1,2,0
Latvia,Butter,LVA,2014,364.1125,1,1,0
Finland,Raw Milk,FIN,2014,44.29083333333333,2,0,2
Portugal,Whey Powder,PRT,2014,85.93662499999999,2,1,2
Czechia,SMP,CZE,2014,276.8174583333333,1,2,0
Latvia,Edam,LVA,2014,444.9239166666666,1,1,0
Italy,Butter,ITA,2014,320.3,0,1,1
Romania,Raw Milk,ROU,2014,30.316363636363636,1,0,0
Spain,Edam,ESP,2014,780.5704583333332,0,1,2
Estonia,Raw Milk,EST,2014,32.695,1,1,0
Estonia,Edam,EST,2014,343.79243333333335,1,1,0
Estonia,Gouda,EST,2014,361.3345583333333,1,1,0
Lithuania,Raw Milk,LTU,2014,28.680833333333336,1,2,0
Latvia,Raw Milk,LVA,2014,29.251666666666665,1,1,0
Poland,Whey Powder,POL,2014,87.25910833333334,2,2,2
Czechia,Edam,CZE,2014,367.7183333333333,1,2,0
Latvia,WMP,LVA,2014,332.7740777777778,1,1,0
Germany,Butter,DEU,2014,335.1958333333333,0,2,1
Poland,WMP,POL,2014,321.6231,2,2,2
Czechia,Whey Powder,CZE,2014,100.20533333333333,1,2,0
France,Raw Milk,FRA,2014,36.4825,0,2,1
Denmark,Raw Milk,DNK,2014,39.666666666666664,0,1,1
Latvia,SMP,LVA,2014,266.67087499999997,1,1,0
Czechia,WMP,CZE,2014,330.1845416666667,1,2,0
Italy,Raw Milk,ITA,2014,39.642500000000005,0,1,1
Czechia,Butter,CZE,2014,355.0208333333333,1,2,0
Austria,Raw Milk,AUT,2014,39.392500000000005,2,2,2
Portugal,Butter,PRT,2014,343.4415909090909,2,1,2
Hungary,Raw Milk,HUN,2015,25.93166666666667,1,0,0
Spain,Raw Milk,ESP,2015,30.145833333333332,0,1,2
Estonia,Edam,EST,2015,261.9015416666667,1,1,0
Denmark,Whey Powder,DNK,2015,209.64,0,1,1
Ireland,Butter,IRL,2015,288.86783333333335,0,2,1
Czechia,Whey Powder,CZE,2015,84.64390909090909,1,2,0
Austria,Whey Powder,AUT,2015,103.00177272727272,2,2,2
Netherlands,SMP,NLD,2015,180.82083333333333,0,1,1
Czechia,WMP,CZE,2015,255.14270833333333,1,2,0
Czechia,SMP,CZE,2015,193.663125,1,2,0
Austria,Butter,AUT,2015,431.09,2,2,2
Netherlands,WMP,NLD,2015,234.5041666666667,0,1,1
Belgium,WMP,BEL,2015,251.83137499999998,0,2,1
Denmark,Raw Milk,DNK,2015,31.028333333333332,0,1,1
Germany,WMP,DEU,2015,240.20208333333335,0,2,1
Germany,Whey Powder,DEU,2015,85.59583333333335,0,2,1
Germany,Butter,DEU,2015,301.6125,0,2,1
Netherlands,Whey Powder,NLD,2015,64.8125,0,1,1
Slovenia,Raw Milk,SVN,2015,28.333333333333332,2,2,2
Poland,SMP,POL,2015,179.91054166666666,2,2,2
Poland,WMP,POL,2015,230.18841666666665,2,2,2
Germany,Edam,DEU,2015,246.75502500000002,0,2,1
Austria,Emmental,AUT,2015,476.50848181818185,2,2,2
Poland,Raw Milk,POL,2015,27.828333333333333,2,2,2
Czechia,Butter,CZE,2015,316.44308333333333,1,2,0
Croatia,Raw Milk,HRV,2015,32.553333333333335,2,0,2
Poland,Whey Powder,POL,2015,74.02654166666666,2,2,2
France,Raw Milk,FRA,2015,30.955,0,2,1
Germany,Emmental,DEU,2015,394.2916666666667,0,2,1
Poland,Gouda,POL,2015,264.0445833333333,2,2,2
Czechia,Edam,CZE,2015,318.86858333333333,1,2,0
Croatia,Gouda,HRV,2015,381.1526666666667,2,0,2
Croatia,Edam,HRV,2015,358.9284583333333,2,0,2
Czechia,Emmental,CZE,2015,487.2166666666667,1,2,0
Germany,SMP,DEU,2015,185.85833333333335,0,2,1
Estonia,Gouda,EST,2015,281.48633333333333,1,1,0
Estonia,Raw Milk,EST,2015,23.713333333333335,1,1,0
Romania,Raw Milk,ROU,2015,26.315833333333334,1,0,0
Croatia,Butter,HRV,2015,395.87904166666664,2,0,2
Czechia,Raw Milk,CZE,2015,27.305833333333336,1,2,0
Bulgaria,Raw Milk,BGR,2015,28.541666666666668,1,0,0
Poland,Butter,POL,2015,291.7236666666667,2,2,2
Germany,Raw Milk,DEU,2015,29.575,0,2,1
Finland,Raw Milk,FIN,2015,37.594166666666666,2,0,2
Sweden,Raw Milk,SWE,2015,31.540000000000003,2,1,2
Germany,Gouda,DEU,2015,249.22797500000001,0,2,1
Portugal,Raw Milk,PRT,2015,29.66333333333333,2,1,2
Poland,Edam,POL,2015,260.58304166666665,2,2,2
Portugal,Whey Powder,PRT,2015,69.68825,2,1,2
Poland,Butter Oil,POL,2015,355.44,2,2,2
Belgium,SMP,BEL,2015,189.097125,0,2,1
Belgium,Raw Milk,BEL,2015,27.9275,0,2,1
Spain,Edam,ESP,2015,790.2845416666668,0,1,2
Italy,Butter,ITA,2015,279.6333333333333,0,1,1
Ireland,Whey Powder,IRL,2015,65.2155,0,2,1
Belgium,Butter,BEL,2015,299.5287916666667,0,2,1
Spain,Butter,ESP,2015,304.96979166666665,0,1,2
Lithuania,Gouda,LTU,2015,326.59525,1,2,0
Ireland,Cheddar,IRL,2015,274.1118333333333,0,2,1
Luxembourg,Raw Milk,LUX,2015,29.81833333333333,0,2,1
Austria,Raw Milk,AUT,2015,33.6825,2,2,2
Latvia,Butter,LVA,2015,289.1625,1,1,0
Ireland,WMP,IRL,2015,224.16166666666666,0,2,1
Ireland,Butter Oil,IRL,2015,352.6078333333333,0,2,1
Netherlands,Butter,NLD,2015,295.07916666666665,0,1,1
Latvia,Raw Milk,LVA,2015,21.6825,1,1,0
Netherlands,Raw Milk,NLD,2015,30.604166666666668,0,1,1
Ireland,SMP,IRL,2015,183.42733333333334,0,2,1
Italy,Raw Milk,ITA,2015,34.67166666666667,0,1,1
Spain,Emmental,ESP,2015,981.654875,0,1,2
Latvia,SMP,LVA,2015,186.98412499999998,1,1,0
Ireland,Raw Milk,IRL,2015,29.743333333333336,0,2,1
Latvia,Edam,LVA,2015,397.9384166666667,1,1,0
Lithuania,Raw Milk,LTU,2015,21.669166666666666,1,2,0
Slovenia,Raw Milk,SVN,2016,25.28,2,2,2
Belgium,Butter,BEL,2016,327.92366666666663,0,2,1
Italy,Butter,ITA,2016,306.53333333333336,0,1,1
Austria,Raw Milk,AUT,2016,31.185000000000002,2,2,2
Belgium,Raw Milk,BEL,2016,26.698333333333334,0,2,1
Poland,WMP,POL,2016,217.51816666666664,2,2,2
Poland,Raw Milk,POL,2016,25.964166666666667,2,2,2
Netherlands,Butter,NLD,2016,328.7416666666667,0,1,1
Poland,Butter,POL,2016,306.5801666666667,2,2,2
Germany,Raw Milk,DEU,2016,27.38083333333333,0,2,1
Ireland,SMP,IRL,2016,173.20583333333332,0,2,1
Germany,Gouda,DEU,2016,238.24670833333334,0,2,1
Poland,Edam,POL,2016,268.8275,2,2,2
Ireland,WMP,IRL,2016,217.2965,0,2,1
Croatia,Edam,HRV,2016,328.9878333333333,2,0,2
Croatia,Gouda,HRV,2016,337.4306666666667,2,0,2
Germany,Emmental,DEU,2016,364.4666666666667,0,2,1
Poland,Gouda,POL,2016,269.05583333333334,2,2,2
Ireland,Whey Powder,IRL,2016,61.4395,0,2,1
Croatia,Raw Milk,HRV,2016,29.579166666666666,2,0,2
Austria,Emmental,AUT,2016,445.775375,2,2,2
Italy,Raw Milk,ITA,2016,31.989166666666666,0,1,1
Germany,Edam,DEU,2016,247.12795833333334,0,2,1
Poland,SMP,POL,2016,169.36316666666667,2,2,2
Czechia,Butter,CZE,2016,326.5815,1,2,0
Portugal,Butter,PRT,2016,298.798,2,1,2
France,Raw Milk,FRA,2016,30.175833333333333,0,2,1
Latvia,Emmental,LVA,2016,344.56600000000003,1,1,0
Estonia,Butter,EST,2016,331.59682499999997,1,1,0
Lithuania,Gouda,LTU,2016,309.79716666666667,1,2,0
Czechia,SMP,CZE,2016,178.192,1,2,0
Austria,Butter,AUT,2016,401.7,2,2,2
Latvia,Gouda,LVA,2016,307.763,1,1,0
Spain,Edam,ESP,2016,804.9278333333333,0,1,2
Denmark,Raw Milk,DNK,2016,28.830833333333334,0,1,1
Latvia,Raw Milk,LVA,2016,21.723333333333333,1,1,0
Czechia,WMP,CZE,2016,233.88750000000002,1,2,0
Czechia,Whey Powder,CZE,2016,66.79654545454545,1,2,0
Latvia,WMP,LVA,2016,250.0,1,1,0
Latvia,SMP,LVA,2016,179.60563333333334,1,1,0
Estonia,Edam,EST,2016,250.51000000000002,1,1,0
Lithuania,Raw Milk,LTU,2016,21.63083333333333,1,2,0
Czechia,Edam,CZE,2016,321.71216666666663,1,2,0
Spain,Emmental,ESP,2016,965.1713333333332,0,1,2
Czechia,Emmental,CZE,2016,454.02040000000005,1,2,0
Luxembourg,Raw Milk,LUX,2016,27.995833333333334,0,2,1
Portugal,Raw Milk,PRT,2016,28.0175,2,1,2
Sweden,Raw Milk,SWE,2016,30.695833333333336,2,1,2
Italy,WMP,ITA,2016,245.0,0,1,1
Portugal,WMP,PRT,2016,236.975,2,1,2
Finland,Raw Milk,FIN,2016,37.07833333333333,2,0,2
Latvia,Butter,LVA,2016,318.7835,1,1,0
Portugal,Whey Powder,PRT,2016,55.58545454545455,2,1,2
Latvia,Edam,LVA,2016,334.80716666666666,1,1,0
Czechia,Raw Milk,CZE,2016,24.08,1,2,0
Romania,Raw Milk,ROU,2016,25.661666666666665,1,0,0
Estonia,Raw Milk,EST,2016,23.7625,1,1,0
Estonia,Gouda,EST,2016,267.492,1,1,0
Poland,Whey Powder,POL,2016,61.48,2,2,2
Croatia,Butter,HRV,2016,398.37466666666666,2,0,2
Germany,Butter,DEU,2016,335.56666666666666,0,2,1
Netherlands,WMP,NLD,2016,227.46666666666667,0,1,1
Ireland,Cheddar,IRL,2016,236.43983333333335,0,2,1
Bulgaria,Raw Milk,BGR,2016,27.22,1,0,0
Belgium,SMP,BEL,2016,183.56833333333336,0,2,1
Austria,Whey Powder,AUT,2016,84.41158333333333,2,2,2
Germany,WMP,DEU,2016,239.2854166666667,0,2,1
Netherlands,Raw Milk,NLD,2016,28.375,0,1,1
Germany,Whey Powder,DEU,2016,76.375,0,2,1
Netherlands,Whey Powder,NLD,2016,64.78333333333333,0,1,1
Spain,Raw Milk,ESP,2016,29.11916666666667,0,1,2
Belgium,WMP,BEL,2016,237.69583333333333,0,2,1
Spain,Butter,ESP,2016,292.312,0,1,2
Netherlands,SMP,NLD,2016,180.35,0,1,1
Hungary,Raw Milk,HUN,2016,23.795833333333334,1,0,0
Germany,SMP,DEU,2016,181.94375,0,2,1
Ireland,Butter Oil,IRL,2016,366.002,0,2,1
Ireland,Butter,IRL,2016,300.14500000000004,0,2,1
Ireland,Raw Milk,IRL,2016,28.098333333333333,0,2,1
Austria,Raw Milk,AUT,2017,37.3425,2,2,2
Italy,Raw Milk,ITA,2017,37.024166666666666,0,1,1
Czechia,Butter,CZE,2017,456.54490000000004,1,2,0
Poland,Whey Powder,POL,2017,81.21318181818182,2,2,2
Netherlands,WMP,NLD,2017,283.84583333333336,0,1,1
Czechia,Edam,CZE,2017,380.81025,1,2,0
Ireland,Butter,IRL,2017,500.487,0,2,1
Netherlands,Raw Milk,NLD,2017,37.958333333333336,0,1,1
Czechia,Emmental,CZE,2017,471.18805000000003,1,2,0
Luxembourg,Raw Milk,LUX,2017,35.42416666666667,0,2,1
France,Raw Milk,FRA,2017,34.399166666666666,0,2,1
Poland,WMP,POL,2017,287.5729090909091,2,2,2
Germany,WMP,DEU,2017,299.646,0,2,1
Czechia,WMP,CZE,2017,294.39233333333334,1,2,0
Germany,Butter,DEU,2017,547.2,0,2,1
Austria,Whey Powder,AUT,2017,104.25342857142857,2,2,2
Latvia,WMP,LVA,2017,286.5,1,1,0
Belgium,SMP,BEL,2017,177.5164166666667,0,2,1
Slovenia,Raw Milk,SVN,2017,30.320000000000004,2,2,2
Poland,SMP,POL,2017,176.33072727272727,2,2,2
Belgium,Raw Milk,BEL,2017,35.05416666666667,0,2,1
Czechia,Whey Powder,CZE,2017,91.12729166666666,1,2,0
Belgium,Butter,BEL,2017,522.5723333333334,0,2,1
Ireland,Cheddar,IRL,2017,310.87666666666667,0,2,1
Italy,Butter,ITA,2017,477.67083333333335,0,1,1
Germany,Whey Powder,DEU,2017,93.27000000000001,0,2,1
Spain,Edam,ESP,2017,812.0675,0,1,2
Ireland,Butter Oil,IRL,2017,519.8728571428571,0,2,1
Latvia,Gouda,LVA,2017,395.0,1,1,0
Netherlands,SMP,NLD,2017,173.17499999999998,0,1,1
Czechia,SMP,CZE,2017,189.93008333333333,1,2,0
Lithuania,Gouda,LTU,2017,363.79016666666666,1,2,0
Denmark,Raw Milk,DNK,2017,36.901666666666664,0,1,1
Latvia,Emmental,LVA,2017,414.70620833333334,1,1,0
Spain,Butter,ESP,2017,577.2346666666667,0,1,2
Estonia,Butter,EST,2017,528.7626250000001,1,1,0
Belgium,WMP,BEL,2017,296.0532083333333,0,2,1
Estonia,Edam,EST,2017,312.24685,1,1,0
Spain,Raw Milk,ESP,2017,30.955,0,1,2
Lithuania,Raw Milk,LTU,2017,29.756666666666664,1,2,0
Estonia,Gouda,EST,2017,315.484,1,1,0
Estonia,Raw Milk,EST,2017,32.678333333333335,1,1,0
Romania,Raw Milk,ROU,2017,29.189166666666665,1,0,0
Latvia,Edam,LVA,2017,413.75445833333333,1,1,0
Latvia,Raw Milk,LVA,2017,30.614166666666666,1,1,0
Czechia,Raw Milk,CZE,2017,31.589166666666667,1,2,0
Hungary,Raw Milk,HUN,2017,30.47666666666667,1,0,0
Netherlands,Butter,NLD,2017,520.1791666666667,0,1,1
Portugal,Whey Powder,PRT,2017,74.69622727272727,2,1,2
Latvia,Butter Oil,LVA,2017,314.0,1,1,0
Latvia,Butter,LVA,2017,506.07270833333337,1,1,0
Italy,WMP,ITA,2017,615.5,0,1,1
Finland,Raw Milk,FIN,2017,37.72,2,0,2
Sweden,Raw Milk,SWE,2017,37.9425,2,1,2
Portugal,Raw Milk,PRT,2017,29.68166666666667,2,1,2
Germany,Edam,DEU,2017,318.96915,0,2,1
Latvia,SMP,LVA,2017,217.23250000000002,1,1,0
Croatia,Raw Milk,HRV,2017,31.378333333333334,2,0,2
Spain,Emmental,ESP,2017,965.735,0,1,2
Germany,Emmental,DEU,2017,417.96999999999997,0,2,1
Poland,Edam,POL,2017,329.86545454545455,2,2,2
Ireland,Whey Powder,IRL,2017,77.47633333333333,0,2,1
Croatia,Gouda,HRV,2017,387.38585714285716,2,0,2
Austria,Emmental,AUT,2017,472.3234166666667,2,2,2
Germany,Raw Milk,DEU,2017,36.40833333333334,0,2,1
Netherlands,Whey Powder,NLD,2017,78.0125,0,1,1
Bulgaria,Raw Milk,BGR,2017,30.519166666666667,1,0,0
Poland,Gouda,POL,2017,327.71636363636367,2,2,2
Poland,Raw Milk,POL,2017,32.365,2,2,2
Germany,SMP,DEU,2017,174.4975,0,2,1
Germany,Gouda,DEU,2017,316.8256,0,2,1
Ireland,Raw Milk,IRL,2017,36.4175,0,2,1
Croatia,Edam,HRV,2017,367.0767142857143,2,0,2
Ireland,WMP,IRL,2017,273.109,0,2,1
Poland,Emmental,POL,2017,385.61,2,2,2
Croatia,Butter,HRV,2017,439.29414285714284,2,0,2
Poland,Butter,POL,2017,462.1411818181818,2,2,2
Ireland,SMP,IRL,2017,173.56500000000003,0,2,1
Netherlands,WMP,NLD,2018,269.3625,0,1,1
Poland,Gouda,POL,2018,296.93054166666667,2,2,2
Belgium,WMP,BEL,2018,274.75620833333335,0,2,1
Netherlands,Whey Powder,NLD,2018,70.05416666666666,0,1,1
Ireland,Raw Milk,IRL,2018,35.0425,0,2,1
Estonia,Edam,EST,2018,293.95164166666666,1,1,0
Czechia,Edam,CZE,2018,361.7315833333333,1,2,0
Austria,Raw Milk,AUT,2018,36.9525,2,2,2
Estonia,Butter,EST,2018,582.27,1,1,0
Czechia,Emmental,CZE,2018,499.3252857142857,1,2,0
France,Raw Milk,FRA,2018,34.655833333333334,0,2,1
Ireland,SMP,IRL,2018,139.03533333333334,0,2,1
Latvia,Emmental,LVA,2018,410.4003181818182,1,1,0
Luxembourg,Raw Milk,LUX,2018,32.92363636363636,0,2,1
Latvia,Butter,LVA,2018,523.1809999999999,1,1,0
Hungary,Raw Milk,HUN,2018,29.747500000000002,1,0,0
Netherlands,Raw Milk,NLD,2018,36.041666666666664,0,1,1
Ireland,WMP,IRL,2018,246.17216666666664,0,2,1
Czechia,Raw Milk,CZE,2018,32.495,1,2,0
Latvia,Edam,LVA,2018,404.1045454545454,1,1,0
Finland,Raw Milk,FIN,2018,37.916666666666664,2,0,2
Romania,Raw Milk,ROU,2018,30.115,1,0,0
Estonia,Raw Milk,EST,2018,30.743333333333336,1,1,0
Spain,Raw Milk,ESP,2018,31.23,0,1,2
Poland,Edam,POL,2018,297.99379166666665,2,2,2
Germany,SMP,DEU,2018,152.67360833333333,0,2,1
Lithuania,Raw Milk,LTU,2018,28.394166666666667,1,2,0
Czechia,Gouda,CZE,2018,532.02,1,2,0
Estonia,Gouda,EST,2018,274.774,1,1,0
Portugal,Raw Milk,PRT,2018,30.750833333333333,2,1,2
Austria,Emmental,AUT,2018,454.040775,2,2,2
Germany,Whey Powder,DEU,2018,82.440275,0,2,1
Germany,Gouda,DEU,2018,303.94266666666664,0,2,1
Germany,Emmental,DEU,2018,430.23333333333335,0,2,1
Sweden,Raw Milk,SWE,2018,34.6375,2,1,2
Portugal,Whey Powder,PRT,2018,61.267333333333326,2,1,2
Poland,Raw Milk,POL,2018,31.979166666666668,2,2,2
Belgium,Raw Milk,BEL,2018,32.185,0,2,1
Poland,Butter,POL,2018,474.57868333333334,2,2,2
Germany,WMP,DEU,2018,276.586525,0,2,1
Italy,Butter,ITA,2018,477.86110833333333,0,1,1
Ireland,Whey Powder,IRL,2018,69.45516666666667,0,2,1
Bulgaria,Raw Milk,BGR,2018,30.003333333333334,1,0,0
Poland,Whey Powder,POL,2018,66.53875000000001,2,2,2
Germany,Butter,DEU,2018,517.0333333333333,0,2,1
Latvia,Raw Milk,LVA,2018,28.381666666666664,1,1,0
Germany,Cheddar,DEU,2018,428.0,0,2,1
Croatia,Raw Milk,HRV,2018,32.844166666666666,2,0,2
Czechia,WMP,CZE,2018,283.90263636363636,1,2,0
Germany,Raw Milk,DEU,2018,34.7075,0,2,1
Belgium,SMP,BEL,2018,152.9095,0,2,1
Poland,SMP,POL,2018,139.54433333333333,2,2,2
Poland,WMP,POL,2018,262.13330833333333,2,2,2
Ireland,Butter,IRL,2018,496.1856666666667,0,2,1
Germany,Edam,DEU,2018,299.11311666666666,0,2,1
Slovenia,Raw Milk,SVN,2018,30.30333333333333,2,2,2
Belgium,Butter,BEL,2018,505.73179166666665,0,2,1
Netherlands,Butter,NLD,2018,499.8541666666667,0,1,1
Netherlands,SMP,NLD,2018,150.32916666666668,0,1,1
Ireland,Cheddar,IRL,2018,316.95,0,2,1
Italy,Raw Milk,ITA,2018,35.865833333333335,0,1,1
Czechia,Whey Powder,CZE,2018,75.97212499999999,1,2,0
Latvia,SMP,LVA,2018,134.295,1,1,0
Denmark,Raw Milk,DNK,2018,35.95666666666667,0,1,1
Czechia,SMP,CZE,2018,154.39463636363635,1,2,0
Czechia,Butter,CZE,2018,465.78809999999993,1,2,0
Ireland,Butter,IRL,2019,376.789,0,2,1
Romania,Raw Milk,ROU,2019,30.462500000000002,1,0,0
Czechia,Raw Milk,CZE,2019,33.53416666666667,1,2,0
Czechia,WMP,CZE,2019,302.15866666666665,1,2,0
Czechia,Whey Powder,CZE,2019,86.82113636363637,1,2,0
Poland,Edam,POL,2019,302.15095833333334,2,2,2
Hungary,Raw Milk,HUN,2019,30.978333333333335,1,0,0
Estonia,Raw Milk,EST,2019,31.001666666666665,1,1,0
Ireland,Cheddar,IRL,2019,291.91783333333336,0,2,1
Spain,Raw Milk,ESP,2019,31.84583333333333,0,1,2
Germany,Raw Milk,DEU,2019,34.346666666666664,0,2,1
Netherlands,SMP,NLD,2019,215.5,0,1,1
Portugal,Whey Powder,PRT,2019,67.07204166666666,2,1,2
Germany,Gouda,DEU,2019,305.02030833333333,0,2,1
Latvia,Emmental,LVA,2019,415.5777083333333,1,1,0
Estonia,Butter,EST,2019,419.7133333333333,1,1,0
Czechia,SMP,CZE,2019,202.66304545454543,1,2,0
Denmark,Raw Milk,DNK,2019,34.1775,0,1,1
Netherlands,Whey Powder,NLD,2019,70.58333333333333,0,1,1
Lithuania,Raw Milk,LTU,2019,28.878333333333334,1,2,0
Ireland,SMP,IRL,2019,188.79916666666668,0,2,1
Estonia,Edam,EST,2019,313.61633333333333,1,1,0
Poland,Butter,POL,2019,384.67408333333333,2,2,2
Latvia,Edam,LVA,2019,414.5308333333333,1,1,0
Belgium,Raw Milk,BEL,2019,33.045833333333334,0,2,1
Belgium,Butter,BEL,2019,385.1547083333333,0,2,1
Latvia,Raw Milk,LVA,2019,29.390833333333333,1,1,0
Estonia,Gouda,EST,2019,304.314,1,1,0
Netherlands,Raw Milk,NLD,2019,35.659166666666664,0,1,1
Ireland,Raw Milk,IRL,2019,33.69166666666667,0,2,1
Ireland,Whey Powder,IRL,2019,72.39816666666667,0,2,1
Croatia,Raw Milk,HRV,2019,33.325833333333335,2,0,2
France,Raw Milk,FRA,2019,36.47416666666667,0,2,1
Netherlands,WMP,NLD,2019,294.5625,0,1,1
Portugal,Raw Milk,PRT,2019,30.647499999999997,2,1,2
Germany,Butter,DEU,2019,393.8333333333333,0,2,1
Germany,Emmental,DEU,2019,437.96250000000003,0,2,1
Austria,Raw Milk,AUT,2019,36.9675,2,2,2
Germany,Whey Powder,DEU,2019,88.72916666666667,0,2,1
Czechia,Emmental,CZE,2019,511.808,1,2,0
Poland,Gouda,POL,2019,309.9085,2,2,2
Italy,Butter,ITA,2019,362.48611666666665,0,1,1
Italy,Raw Milk,ITA,2019,39.315,0,1,1
Poland,WMP,POL,2019,277.53058333333337,2,2,2
Bulgaria,Raw Milk,BGR,2019,30.483333333333334,1,0,0
Czechia,Edam,CZE,2019,376.46274999999997,1,2,0
Germany,SMP,DEU,2019,216.702775,0,2,1
Germany,WMP,DEU,2019,294.4001416666667,0,2,1
Sweden,Raw Milk,SWE,2019,34.82333333333333,2,1,2
Slovenia,Raw Milk,SVN,2019,32.61666666666667,2,2,2
Netherlands,Butter,NLD,2019,380.01666666666665,0,1,1
Germany,Edam,DEU,2019,305.66410833333333,0,2,1
Ireland,WMP,IRL,2019,267.85383333333334,0,2,1
Belgium,WMP,BEL,2019,300.5727083333333,0,2,1
Poland,Whey Powder,POL,2019,74.20341666666667,2,2,2
Belgium,SMP,BEL,2019,216.768375,0,2,1
Poland,Raw Milk,POL,2019,31.69083333333333,2,2,2
Austria,Emmental,AUT,2019,496.2635666666667,2,2,2
Finland,Raw Milk,FIN,2019,38.324999999999996,2,0,2
Poland,SMP,POL,2019,198.440125,2,2,2
Czechia,Butter,CZE,2019,448.56059999999997,1,2,0
Portugal,WMP,PRT,2019,305.154625,2,1,2
Latvia,Emmental,LVA,2020,463.4992916666667,1,1,0
Czechia,SMP,CZE,2020,226.21359090909093,1,2,0
Netherlands,Whey Powder,NLD,2020,72.32916666666667,0,1,1
Bulgaria,Raw Milk,BGR,2020,31.5925,1,0,0
Belgium,SMP,BEL,2020,225.58916666666667,0,2,1
Belgium,WMP,BEL,2020,284.2149583333333,0,2,1
Denmark,Raw Milk,DNK,2020,34.821666666666665,0,1,1
Portugal,Whey Powder,PRT,2020,64.9899090909091,2,1,2
Ireland,Butter,IRL,2020,323.1603333333333,0,2,1
Germany,Edam,DEU,2020,309.917375,0,2,1
Poland,Raw Milk,POL,2020,31.563333333333333,2,2,2
Czechia,Whey Powder,CZE,2020,78.88255555555556,1,2,0
Netherlands,Butter,NLD,2020,324.2,0,1,1
Ireland,Whey Powder,IRL,2020,71.39166666666667,0,2,1
Ireland,Raw Milk,IRL,2020,34.387499999999996,0,2,1
Poland,SMP,POL,2020,213.40133333333333,2,2,2
Germany,Raw Milk,DEU,2020,33.73666666666667,0,2,1
Croatia,Raw Milk,HRV,2020,33.3325,2,0,2
Latvia,Raw Milk,LVA,2020,28.239166666666666,1,1,0
Germany,Butter,DEU,2020,336.8666666666667,0,2,1
Italy,Butter,ITA,2020,316.00971666666663,0,1,1
Belgium,Butter,BEL,2020,330.9984583333333,0,2,1
Poland,Butter,POL,2020,325.510875,2,2,2
Poland,WMP,POL,2020,269.57233333333335,2,2,2
Germany,WMP,DEU,2020,280.76458333333335,0,2,1
Poland,Gouda,POL,2020,312.00304166666666,2,2,2
Germany,Gouda,DEU,2020,309.86100000000005,0,2,1
Netherlands,WMP,NLD,2020,275.29583333333335,0,1,1
Germany,Emmental,DEU,2020,439.7375,0,2,1
Portugal,Raw Milk,PRT,2020,30.27333333333333,2,1,2
Estonia,Gouda,EST,2020,295.19,1,1,0
Czechia,WMP,CZE,2020,292.02813636363635,1,2,0
Lithuania,Raw Milk,LTU,2020,28.738333333333333,1,2,0
Hungary,Raw Milk,HUN,2020,30.011666666666667,1,0,0
Sweden,Raw Milk,SWE,2020,35.30833333333333,2,1,2
Romania,Raw Milk,ROU,2020,31.258333333333336,1,0,0
Finland,Raw Milk,FIN,2020,38.81333333333333,2,0,2
Germany,Whey Powder,DEU,2020,85.38958333333333,0,2,1
Poland,Edam,POL,2020,305.75658333333337,2,2,2
Portugal,WMP,PRT,2020,297.6436,2,1,2
Estonia,Raw Milk,EST,2020,29.337500000000002,1,1,0
Czechia,Raw Milk,CZE,2020,31.587500000000002,1,2,0
Spain,Raw Milk,ESP,2020,32.208333333333336,0,1,2
Ireland,Cheddar,IRL,2020,300.248,0,2,1
Netherlands,Raw Milk,NLD,2020,34.45333333333333,0,1,1
Italy,Raw Milk,ITA,2020,35.77583333333333,0,1,1
Belgium,Raw Milk,BEL,2020,31.296666666666667,0,2,1
Latvia,Edam,LVA,2020,442.19512499999996,1,1,0
France,Raw Milk,FRA,2020,36.19166666666667,0,2,1
Netherlands,SMP,NLD,2020,218.65833333333333,0,1,1
Poland,Whey Powder,POL,2020,72.22666666666667,2,2,2
Austria,Emmental,AUT,2020,520.3509166666666,2,2,2
Czechia,Butter,CZE,2020,383.478,1,2,0
Denmark,Whey Powder,DNK,2020,221.64,0,1,1
Ireland,SMP,IRL,2020,213.69683333333333,0,2,1
Austria,Raw Milk,AUT,2020,37.80583333333333,2,2,2
Estonia,Butter,EST,2020,360.2522777777778,1,1,0
Slovenia,Raw Milk,SVN,2020,31.400833333333335,2,2,2
Spain,Butter,ESP,2020,336.23172222222223,0,1,2
Germany,SMP,DEU,2020,222.7125,0,2,1
Netherlands,Cheddar,NLD,2020,374.0,0,1,1
Ireland,WMP,IRL,2020,260.6131666666667,0,2,1
Estonia,Edam,EST,2020,297.05691666666667,1,1,0
Czechia,Edam,CZE,2020,359.85537500000004,1,2,0
Spain,Raw Milk,ESP,2021,33.26083333333333,0,1,2
Austria,Emmental,AUT,2021,549.0810833333334,2,2,2
Slovenia,Raw Milk,SVN,2021,32.525,2,2,2
Sweden,Raw Milk,SWE,2021,39.06333333333333,2,1,2
Austria,Raw Milk,AUT,2021,39.7125,2,2,2
Spain,Butter,ESP,2021,416.685,0,1,2
Czechia,WMP,CZE,2021,315.88315,1,2,0
Poland,Raw Milk,POL,2021,34.454166666666666,2,2,2
Croatia,Raw Milk,HRV,2021,33.803333333333335,2,0,2
Poland,Butter,POL,2021,415.39875,2,2,2
Italy,Raw Milk,ITA,2021,36.95666666666667,0,1,1
Germany,Emmental,DEU,2021,443.0625,0,2,1
Poland,Edam,POL,2021,331.56316666666663,2,2,2
Finland,Raw Milk,FIN,2021,39.23833333333334,2,0,2
Italy,Butter,ITA,2021,402.5083333333334,0,1,1
Poland,Gouda,POL,2021,339.8472083333333,2,2,2
Germany,Gouda,DEU,2021,320.74804166666667,0,2,1
Czechia,Raw Milk,CZE,2021,34.39416666666667,1,2,0
Ireland,Whey Powder,IRL,2021,86.87116666666667,0,2,1
Estonia,Raw Milk,EST,2021,31.636666666666667,1,1,0
Ireland,WMP,IRL,2021,304.985,0,2,1
Poland,SMP,POL,2021,250.65404166666667,2,2,2
Belgium,Raw Milk,BEL,2021,36.45916666666667,0,2,1
Latvia,Edam,LVA,2021,496.43533333333335,1,1,0
Estonia,Gouda,EST,2021,381.54,1,1,0
Netherlands,Whey Powder,NLD,2021,104.67999999999999,0,1,1
Netherlands,WMP,NLD,2021,360.52,0,1,1
Czechia,Butter,CZE,2021,465.0002272727272,1,2,0
Netherlands,Butter,NLD,2021,488.52,0,1,1
Germany,Butter,DEU,2021,425.7208333333333,0,2,1
Lithuania,Raw Milk,LTU,2021,33.608333333333334,1,2,0
Netherlands,Raw Milk,NLD,2021,37.81,0,1,1
Germany,Whey Powder,DEU,2021,108.02708333333334,0,2,1
France,Raw Milk,FRA,2021,37.66833333333333,0,2,1
Czechia,Edam,CZE,2021,368.14141666666666,1,2,0
Latvia,Raw Milk,LVA,2021,31.839166666666667,1,1,0
Germany,Edam,DEU,2021,330.208375,0,2,1
Belgium,Butter,BEL,2021,446.75600000000003,0,2,1
Netherlands,SMP,NLD,2021,293.08000000000004,0,1,1
Czechia,Emmental,CZE,2021,493.94540909090915,1,2,0
Latvia,Emmental,LVA,2021,574.9533636363636,1,1,0
Czechia,Gouda,CZE,2021,388.9322916666667,1,2,0
Poland,WMP,POL,2021,306.4290833333333,2,2,2
Portugal,Whey Powder,PRT,2021,78.50240909090908,2,1,2
Germany,WMP,DEU,2021,337.68125000000003,0,2,1
Bulgaria,Raw Milk,BGR,2021,33.399166666666666,1,0,0
Denmark,Raw Milk,DNK,2021,37.50416666666667,0,1,1
Ireland,Butter,IRL,2021,386.89475,0,2,1
Germany,Raw Milk,DEU,2021,37.163333333333334,0,2,1
Belgium,SMP,BEL,2021,272.969,0,2,1
Ireland,Cheddar,IRL,2021,318.56108333333333,0,2,1
Portugal,WMP,PRT,2021,295.7766428571428,2,1,2
Czechia,SMP,CZE,2021,258.1164090909091,1,2,0
Czechia,Whey Powder,CZE,2021,94.582,1,2,0
Romania,Raw Milk,ROU,2021,32.440000000000005,1,0,0
Portugal,Raw Milk,PRT,2021,30.42,2,1,2
Germany,SMP,DEU,2021,269.24583333333334,0,2,1
Estonia,Butter,EST,2021,436.55575,1,1,0
Hungary,Raw Milk,HUN,2021,31.5425,1,0,0
Ireland,Raw Milk,IRL,2021,40.3275,0,2,1
Portugal,Butter,PRT,2021,418.1906666666667,2,1,2
Estonia,Edam,EST,2021,321.5643333333333,1,1,0
Poland,Whey Powder,POL,2021,88.07350000000001,2,2,2
Belgium,WMP,BEL,2021,346.5164,0,2,1
Ireland,SMP,IRL,2021,241.35833333333335,0,2,1
Croatia,Raw Milk,HRV,2022,42.6625,2,0,2
Spain,Raw Milk,ESP,2022,45.2575,0,1,2
Germany,WMP,DEU,2022,497.64166666666665,0,2,1
Belgium,WMP,BEL,2022,481.3421666666666,0,2,1
Germany,Butter,DEU,2022,657.35,0,2,1
Lithuania,Raw Milk,LTU,2022,50.78,1,2,0
Hungary,Raw Milk,HUN,2022,43.40166666666667,1,0,0
Latvia,Raw Milk,LVA,2022,47.01083333333333,1,1,0
Ireland,Butter,IRL,2022,666.7245,0,2,1
Germany,Raw Milk,DEU,2022,53.45166666666666,0,2,1
Germany,Edam,DEU,2022,482.911,0,2,1
Belgium,Raw Milk,BEL,2022,53.23583333333334,0,2,1
Ireland,SMP,IRL,2022,346.64016666666663,0,2,1
Ireland,Raw Milk,IRL,2022,57.55833333333334,0,2,1
Ireland,WMP,IRL,2022,442.9873333333333,0,2,1
Austria,Raw Milk,AUT,2022,50.44833333333333,2,2,2
Austria,Emmental,AUT,2022,597.0536666666667,2,2,2
Germany,Gouda,DEU,2022,458.47700000000003,0,2,1
Latvia,Emmental,LVA,2022,779.028909090909,1,1,0
Ireland,Whey Powder,IRL,2022,111.96616666666667,0,2,1
Italy,Butter,ITA,2022,636.3000000000001,0,1,1
Ireland,Cheddar,IRL,2022,471.11699999999996,0,2,1
Germany,Emmental,DEU,2022,555.2666666666667,0,2,1
Italy,Raw Milk,ITA,2022,48.659166666666664,0,1,1
Belgium,SMP,BEL,2022,370.7516666666667,0,2,1
Germany,SMP,DEU,2022,374.47499999999997,0,2,1
Latvia,Edam,LVA,2022,682.5396666666667,1,1,0
Bulgaria,Raw Milk,BGR,2022,43.26416666666666,1,0,0
Netherlands,Raw Milk,NLD,2022,55.18833333333333,0,1,1
Germany,Whey Powder,DEU,2022,135.21666666666667,0,2,1
Poland,SMP,POL,2022,363.9021666666667,2,2,2
Sweden,Raw Milk,SWE,2022,50.705000000000005,2,1,2
Romania,Raw Milk,ROU,2022,47.435,1,0,0
Poland,Gouda,POL,2022,493.8865,2,2,2
Denmark,Raw Milk,DNK,2022,53.7575,0,1,1
Estonia,Raw Milk,EST,2022,46.40083333333334,1,1,0
Slovenia,Raw Milk,SVN,2022,45.504999999999995,2,2,2
Poland,Raw Milk,POL,2022,49.090833333333336,2,2,2
Estonia,Gouda,EST,2022,433.75,1,1,0
Portugal,Whey Powder,PRT,2022,105.14583333333333,2,1,2
Poland,WMP,POL,2022,472.516,2,2,2
Estonia,Edam,EST,2022,460.7891666666667,1,1,0
Poland,Whey Powder,POL,2022,118.08749999999999,2,2,2
Czechia,SMP,CZE,2022,366.26399999999995,1,2,0
Portugal,WMP,PRT,2022,401.642,2,1,2
Estonia,Butter,EST,2022,654.628,1,1,0
Portugal,Butter,PRT,2022,623.3033333333333,2,1,2
Czechia,Raw Milk,CZE,2022,45.9625,1,2,0
Finland,Raw Milk,FIN,2022,48.93666666666667,2,0,2
Poland,Edam,POL,2022,484.594,2,2,2
Czechia,Edam,CZE,2022,505.353,1,2,0
Netherlands,Butter,NLD,2022,664.6545454545454,0,1,1
Czechia,Butter,CZE,2022,656.0763333333333,1,2,0
Czechia,WMP,CZE,2022,454.97509090909085,1,2,0
Spain,Butter,ESP,2022,673.677375,0,1,2
France,Raw Milk,FRA,2022,44.52166666666667,0,2,1
Poland,Butter,POL,2022,645.9515,2,2,2
Belgium,Butter,BEL,2022,669.1178333333334,0,2,1
Portugal,Raw Milk,PRT,2022,41.862500000000004,2,1,2
Czechia,Emmental,CZE,2022,628.4595,1,2,0
Netherlands,WMP,NLD,2022,474.89090909090913,0,1,1
Czechia,Whey Powder,CZE,2022,125.6118888888889,1,2,0
Netherlands,Whey Powder,NLD,2022,109.43636363636364,0,1,1
Czechia,Gouda,CZE,2022,528.4083333333333,1,2,0
Netherlands,SMP,NLD,2022,358.6363636363636,0,1,1
Denmark,Raw Milk,DNK,2023,46.218333333333334,0,1,1
Germany,SMP,DEU,2023,250.00208333333333,0,2,1
Czechia,SMP,CZE,2023,260.02570833333334,1,2,0
Belgium,WMP,BEL,2023,355.78079166666663,0,2,1
Czechia,WMP,CZE,2023,402.1016818181819,1,2,0
Germany,WMP,DEU,2023,354.0020833333333,0,2,1
Czechia,Raw Milk,CZE,2023,45.12416666666667,1,2,0
Czechia,Whey Powder,CZE,2023,88.24983333333334,1,2,0
Germany,Raw Milk,DEU,2023,45.9275,0,2,1
Czechia,Butter,CZE,2023,611.3545833333334,1,2,0
France,Raw Milk,FRA,2023,47.29833333333334,0,2,1
Germany,Butter,DEU,2023,472.2083333333333,0,2,1
Croatia,Raw Milk,HRV,2023,49.844166666666666,2,0,2
Czechia,Edam,CZE,2023,507.4990416666667,1,2,0
Germany,Edam,DEU,2023,403.96791666666667,0,2,1
Czechia,Emmental,CZE,2023,694.8490416666667,1,2,0
Bulgaria,Raw Milk,BGR,2023,44.0325,1,0,0
Czechia,Gouda,CZE,2023,512.6097083333333,1,2,0
Germany,Emmental,DEU,2023,626.1166666666667,0,2,1
Sweden,Raw Milk,SWE,2023,42.925000000000004,2,1,2
Estonia,Raw Milk,EST,2023,43.692499999999995,1,1,0
Estonia,Edam,EST,2023,384.5987916666666,1,1,0
Austria,Emmental,AUT,2023,638.0105454545454,2,2,2
Germany,Gouda,DEU,2023,410.11337499999996,0,2,1
Estonia,Butter,EST,2023,504.4277083333333,1,1,0
Finland,Raw Milk,FIN,2023,52.40083333333333,2,0,2
Italy,Raw Milk,ITA,2023,51.850833333333334,0,1,1
Spain,Raw Milk,ESP,2023,53.050000000000004,0,1,2
Latvia,Emmental,LVA,2023,815.0147727272728,1,1,0
Latvia,Raw Milk,LVA,2023,35.744166666666665,1,1,0
Lithuania,Raw Milk,LTU,2023,37.93416666666666,1,2,0
Austria,Raw Milk,AUT,2023,51.625,2,2,2
Netherlands,Butter,NLD,2023,477.48333333333335,0,1,1
Netherlands,Raw Milk,NLD,2023,46.27166666666667,0,1,1
Belgium,Butter,BEL,2023,486.63258333333334,0,2,1
Netherlands,SMP,NLD,2023,241.5666666666667,0,1,1
Netherlands,WMP,NLD,2023,343.41249999999997,0,1,1
Netherlands,Whey Powder,NLD,2023,67.99166666666666,0,1,1
Poland,Butter,POL,2023,477.5118333333333,2,2,2
Latvia,Edam,LVA,2023,685.8504166666667,1,1,0
Poland,Edam,POL,2023,463.0287916666667,2,2,2
Slovenia,Raw Milk,SVN,2023,45.67416666666667,2,2,2
Poland,Raw Milk,POL,2023,45.721666666666664,2,2,2
Poland,SMP,POL,2023,257.274375,2,2,2
Poland,WMP,POL,2023,365.355625,2,2,2
Poland,Whey Powder,POL,2023,80.97191666666667,2,2,2
Portugal,Butter,PRT,2023,465.716875,2,1,2
Portugal,Raw Milk,PRT,2023,48.8125,2,1,2
Portugal,WMP,PRT,2023,421.4613125,2,1,2
Portugal,Whey Powder,PRT,2023,75.11087500000001,2,1,2
Romania,Raw Milk,ROU,2023,46.57916666666667,1,0,0
Poland,Gouda,POL,2023,489.68191666666667,2,2,2
Italy,Butter,ITA,2023,462.9263833333334,0,1,1
Spain,Butter,ESP,2023,551.439,0,1,2
Ireland,Butter,IRL,2023,462.57858333333337,0,2,1
Belgium,SMP,BEL,2023,257.721875,0,2,1
Belgium,Raw Milk,BEL,2023,42.850833333333334,0,2,1
Ireland,WMP,IRL,2023,329.45745833333336,0,2,1
Hungary,Raw Milk,HUN,2023,45.8825,1,0,0
Ireland,Cheddar,IRL,2023,416.78908333333334,0,2,1
Ireland,Whey Powder,IRL,2023,77.57058333333333,0,2,1
Ireland,SMP,IRL,2023,224.12683333333334,0,2,1
Germany,Whey Powder,DEU,2023,84.80624999999999,0,2,1
Ireland,Raw Milk,IRL,2023,44.038333333333334,0,2,1
Ireland,Cheddar,IRL,2024,381.1956,0,2,1
Estonia,Raw Milk,EST,2024,42.381,1,1,0
Germany,SMP,DEU,2024,247.83,0,2,1
Poland,Gouda,POL,2024,479.79915,2,2,2
Estonia,Gouda,EST,2024,517.603,1,1,0
Sweden,Raw Milk,SWE,2024,44.866,2,1,2
Poland,Raw Milk,POL,2024,47.688,2,2,2
Poland,SMP,POL,2024,249.68325,2,2,2
Belgium,SMP,BEL,2024,255.81605,0,2,1
Poland,WMP,POL,2024,383.91575,2,2,2
Slovenia,Raw Milk,SVN,2024,44.503,2,2,2
Poland,Whey Powder,POL,2024,83.83245000000001,2,2,2
Germany,Emmental,DEU,2024,585.4300000000001,0,2,1
Portugal,Butter,PRT,2024,591.1863999999999,2,1,2
Czechia,WMP,CZE,2024,389.4842,1,2,0
Germany,Whey Powder,DEU,2024,98.65,0,2,1
Romania,Raw Milk,ROU,2024,44.408,1,0,0
Czechia,Whey Powder,CZE,2024,92.01185714285714,1,2,0
Germany,WMP,DEU,2024,391.015,0,2,1
Portugal,Whey Powder,PRT,2024,72.239,2,1,2
Denmark,Raw Milk,DNK,2024,47.475,0,1,1
Czechia,SMP,CZE,2024,259.2308,1,2,0
Portugal,WMP,PRT,2024,399.2151666666666,2,1,2
Hungary,Raw Milk,HUN,2024,42.751999999999995,1,0,0
Portugal,Raw Milk,PRT,2024,43.727,2,1,2
Czechia,Raw Milk,CZE,2024,43.699,1,2,0
Poland,Edam,POL,2024,455.24390000000005,2,2,2
Ireland,Butter,IRL,2024,610.4114,0,2,1
Czechia,Gouda,CZE,2024,498.79375,1,2,0
Croatia,Butter,HRV,2024,716.0677777777778,2,0,2
Poland,Butter,POL,2024,616.01085,2,2,2
Belgium,Raw Milk,BEL,2024,45.553,0,2,1
Austria,Raw Milk,AUT,2024,49.513999999999996,2,2,2
Lithuania,Raw Milk,LTU,2024,41.45,1,2,0
Latvia,Raw Milk,LVA,2024,39.484,1,1,0
Germany,Butter,DEU,2024,653.8399999999999,0,2,1
Croatia,Raw Milk,HRV,2024,47.822,2,0,2
Ireland,WMP,IRL,2024,361.732,0,2,1
Latvia,Emmental,LVA,2024,759.0690000000001,1,1,0
Latvia,Edam,LVA,2024,669.3141499999999,1,1,0
Croatia,Edam,HRV,2024,484.25094444444443,2,0,2
Germany,Edam,DEU,2024,417.4464,0,2,1
Italy,Raw Milk,ITA,2024,50.391,0,1,1
Croatia,Gouda,HRV,2024,456.86338888888884,2,0,2
Italy,Butter,ITA,2024,649.87,0,1,1
Germany,Gouda,DEU,2024,407.3918,0,2,1
Spain,Butter,ESP,2024,662.98275,0,1,2
Czechia,Butter,CZE,2024,680.0457,1,2,0
Ireland,Whey Powder,IRL,2024,89.89840000000001,0,2,1
Finland,Raw Milk,FIN,2024,47.426,2,0,2
Netherlands,Whey Powder,NLD,2024,72.1,0,1,1
Germany,Raw Milk,DEU,2024,47.102,0,2,1
Netherlands,WMP,NLD,2024,383.65999999999997,0,1,1
Czechia,Emmental,CZE,2024,633.3695,1,2,0
Bulgaria,Raw Milk,BGR,2024,44.214999999999996,1,0,0
Netherlands,SMP,NLD,2024,242.465,0,1,1
Austria,Emmental,AUT,2024,615.20605,2,2,2
Belgium,Butter,BEL,2024,657.6572,0,2,1
Netherlands,Raw Milk,NLD,2024,48.231,0,1,1
Ireland,SMP,IRL,2024,227.39600000000002,0,2,1
Netherlands,Butter,NLD,2024,657.115,0,1,1
Spain,Raw Milk,ESP,2024,47.63,0,1,2
France,Raw Milk,FRA,2024,46.827999999999996,0,2,1
Czechia,Edam,CZE,2024,492.92515000000003,1,2,0
Ireland,Raw Milk,IRL,2024,47.596999999999994,0,2,1
